Airline,Duration,stops,class,depature time,arrival time,Price,Season,Source_CMN,Source_IST,Source_PAR,Source_ROM,Destination_CMN,Destination_IST,Destination_PAR,Destination_ROM
19,570.0,2,1,0,3,2156.7,0,0,0,0,1,1,0,0,0
24,350.0,1,0,4,0,8097.18,1,0,1,0,0,0,0,1,0
19,505.0,1,1,2,3,3194.1,2,0,1,0,0,1,0,0,0
4,525.0,1,1,0,5,1719.9,3,0,0,0,1,1,0,0,0
19,505.0,1,0,2,3,5733.0,2,0,1,0,0,1,0,0,0
19,360.0,1,0,1,0,6407.31,2,0,0,1,0,0,1,0,0
32,510.0,1,1,1,0,2377.83,3,0,0,0,1,1,0,0,0
9,470.0,1,1,0,5,1446.9,0,0,1,0,0,0,0,1,0
19,360.0,1,0,2,5,8244.6,2,0,1,0,0,0,0,1,0
28,570.0,1,0,3,0,6388.2,2,1,0,0,0,0,0,0,1
21,185.0,0,0,2,2,7772.31,1,0,0,1,0,1,0,0,0
23,385.0,1,1,0,2,2293.2,3,1,0,0,0,0,0,0,1
4,475.0,1,1,4,2,4040.4,0,1,0,0,0,0,0,0,1
6,305.0,1,0,0,2,2809.17,1,0,1,0,0,0,0,1,0
6,320.0,1,0,1,4,3043.95,2,0,1,0,0,0,0,1,0
15,205.0,1,1,1,4,1250.34,3,0,0,0,1,0,0,1,0
19,335.0,1,1,2,3,1774.5,2,0,0,1,0,1,0,0,0
21,520.0,1,1,4,0,2508.87,3,1,0,0,0,0,0,0,1
19,425.0,1,0,3,4,10264.8,2,1,0,0,0,0,0,0,1
7,210.0,0,1,2,5,2265.9,1,0,0,1,0,0,1,0,0
21,300.0,0,1,0,0,5615.61,1,0,1,0,0,1,0,0,0
21,185.0,0,1,4,4,2132.13,1,0,0,1,0,1,0,0,0
29,210.0,0,0,2,3,8681.4,0,0,0,1,0,0,1,0,0
16,335.0,1,0,0,2,4365.27,1,0,0,1,0,1,0,0,0
21,185.0,0,1,2,5,3120.39,3,0,0,1,0,1,0,0,0
19,570.0,2,1,0,3,2727.27,1,0,0,0,1,1,0,0,0
29,225.0,0,0,0,2,10297.56,3,0,1,0,0,0,0,1,0
15,255.0,1,1,0,5,1594.32,2,0,0,1,0,0,0,0,1
4,465.0,1,0,4,0,12448.8,0,1,0,0,0,0,0,0,1
0,320.0,1,0,4,2,8580.39,3,0,0,0,1,0,1,0,0
21,190.0,0,1,2,5,1703.52,2,0,0,1,0,1,0,0,0
20,205.0,0,1,2,5,1550.64,0,0,0,1,0,0,1,0,0
27,225.0,0,1,0,2,2538.9,0,0,0,1,0,0,1,0,0
6,320.0,1,0,0,5,2800.98,0,0,1,0,0,0,0,1,0
21,190.0,0,0,2,5,6947.85,3,0,0,1,0,1,0,0,0
28,445.0,1,1,3,4,6142.5,2,1,0,0,0,0,1,0,0
15,210.0,1,0,4,0,4908.54,1,0,0,1,0,0,0,0,1
16,330.0,1,0,0,2,5814.9,3,0,0,1,0,0,0,0,1
19,425.0,1,1,3,4,4504.5,1,1,0,0,0,0,0,0,1
19,350.0,1,0,0,5,4594.59,1,0,0,1,0,0,1,0,0
4,185.0,0,1,0,2,1564.29,1,0,0,1,0,1,0,0,0
6,285.0,1,1,0,5,1012.83,1,0,0,0,1,0,1,0,0
29,220.0,0,0,4,0,10537.8,0,0,1,0,0,0,0,1,0
20,205.0,0,1,2,5,1542.45,1,0,0,1,0,0,1,0,0
16,395.0,1,1,1,0,1665.3,3,0,0,0,1,1,0,0,0
29,215.0,0,1,0,5,1801.8,0,0,0,1,0,0,1,0,0
9,420.0,1,0,0,2,4422.6,1,0,1,0,0,0,0,1,0
16,505.0,1,0,4,2,4310.67,1,1,0,0,0,0,0,0,1
29,230.0,0,0,0,0,10294.83,3,0,1,0,0,0,0,1,0
4,190.0,0,1,4,4,1225.77,0,0,0,1,0,1,0,0,0
20,515.0,1,1,4,2,1214.85,3,0,1,0,0,0,0,0,1
0,270.0,1,1,4,0,2484.3,2,0,0,0,1,0,1,0,0
23,300.0,1,1,2,5,1829.1,2,1,0,0,0,0,0,1,0
19,555.0,1,0,4,5,5121.48,3,0,0,1,0,0,1,0,0
29,225.0,0,1,2,5,4231.5,2,0,1,0,0,0,0,1,0
12,460.0,1,1,1,0,5020.47,0,0,1,0,0,1,0,0,0
17,525.0,1,0,1,0,9991.8,3,0,0,0,1,0,1,0,0
29,215.0,0,0,4,0,8681.4,0,0,0,1,0,0,1,0,0
9,485.0,1,0,0,3,6224.4,3,0,0,1,0,0,1,0,0
29,230.0,0,1,0,0,1586.13,3,0,1,0,0,0,0,1,0
12,570.0,1,0,1,0,10068.24,0,0,1,0,0,0,0,0,1
21,300.0,0,0,2,5,14927.64,3,0,1,0,0,1,0,0,0
27,235.0,0,1,5,5,1113.84,3,0,1,0,0,0,0,1,0
9,535.0,1,0,0,3,6306.3,3,0,0,0,1,0,1,0,0
29,220.0,0,0,4,0,12538.89,1,0,1,0,0,0,0,1,0
4,570.0,1,1,4,2,4201.47,0,1,0,0,0,0,0,0,1
31,495.0,1,1,4,5,2085.72,0,0,0,0,1,0,1,0,0
4,475.0,1,1,4,2,4201.47,0,1,0,0,0,0,0,0,1
29,220.0,0,1,0,5,1580.67,1,0,0,1,0,0,1,0,0
29,300.0,0,0,0,0,14018.55,2,0,1,0,0,1,0,0,0
21,285.0,0,1,2,5,5752.11,1,1,0,0,0,0,1,0,0
6,560.0,1,0,4,5,3543.54,1,0,0,1,0,0,1,0,0
23,370.0,1,0,0,5,2871.96,3,1,0,0,0,0,0,1,0
27,225.0,0,1,4,0,2020.2,2,0,0,1,0,0,1,0,0
21,185.0,0,0,5,5,6879.6,2,0,0,1,0,1,0,0,0
19,360.0,1,0,1,0,5255.25,1,0,0,1,0,0,1,0,0
19,385.0,1,0,2,5,6197.1,2,0,1,0,0,0,0,0,1
19,545.0,1,0,4,2,6524.7,1,0,0,0,1,0,1,0,0
29,220.0,0,0,0,2,10537.8,0,0,1,0,0,0,0,1,0
29,210.0,0,1,2,3,4160.52,3,0,0,1,0,0,1,0,0
21,445.0,1,1,4,2,941.85,2,1,0,0,0,0,0,1,0
4,190.0,0,0,0,0,9017.19,1,0,0,1,0,1,0,0,0
19,350.0,1,1,0,5,2983.89,2,0,0,1,0,0,1,0,0
21,185.0,0,1,5,5,1670.76,3,0,0,1,0,1,0,0,0
0,470.0,1,0,4,2,9500.4,0,0,1,0,0,0,0,0,1
29,220.0,0,1,0,2,1291.29,2,0,1,0,0,0,0,1,0
0,370.0,1,0,5,1,8520.33,1,0,0,0,1,0,1,0,0
21,185.0,0,1,5,5,1665.3,2,0,0,1,0,1,0,0,0
6,320.0,1,0,5,3,3658.2,2,0,0,0,1,0,1,0,0
6,355.0,1,0,5,3,3658.2,2,0,0,1,0,0,1,0,0
4,525.0,1,1,1,2,2293.2,3,0,0,0,1,0,1,0,0
15,210.0,1,1,4,0,1594.32,2,0,0,1,0,0,0,0,1
16,290.0,1,1,0,2,3194.1,0,1,0,0,0,0,0,1,0
6,360.0,1,1,5,3,1266.72,1,0,0,1,0,0,1,0,0
9,515.0,1,0,4,0,7289.1,1,0,1,0,0,0,0,0,1
19,245.0,1,0,0,2,5025.93,3,0,0,0,1,0,0,1,0
4,185.0,0,1,4,4,1247.61,1,0,0,1,0,1,0,0,0
21,195.0,0,0,2,5,7914.269999999999,3,0,0,0,1,1,0,0,0
17,365.0,1,1,2,5,3139.5,2,0,1,0,0,0,0,1,0
29,210.0,0,0,2,3,8506.68,1,0,0,1,0,0,1,0,0
16,290.0,1,0,0,2,3835.65,2,1,0,0,0,0,0,1,0
19,505.0,1,0,2,3,10019.1,0,0,1,0,0,1,0,0,0
29,215.0,0,0,2,5,10728.9,0,0,0,1,0,0,1,0,0
18,380.0,1,0,2,5,7128.03,1,0,1,0,0,0,0,1,0
29,210.0,0,1,2,3,1430.52,1,0,0,1,0,0,1,0,0
4,390.0,1,1,4,0,4777.5,0,1,0,0,0,0,0,0,1
29,220.0,0,0,4,0,8506.68,3,0,0,1,0,0,1,0,0
6,355.0,1,0,5,1,3499.86,3,0,0,1,0,0,1,0,0
9,400.0,1,1,4,0,1992.9,2,0,0,1,0,0,1,0,0
23,365.0,1,1,2,3,999.18,2,1,0,0,0,0,0,0,1
4,570.0,1,0,0,5,7343.7,1,0,0,0,1,1,0,0,0
29,225.0,0,0,0,0,8506.68,2,0,0,1,0,0,1,0,0
23,405.0,1,1,4,2,1826.37,1,1,0,0,0,0,0,0,1
0,420.0,1,1,0,5,1629.81,1,0,1,0,0,0,0,1,0
23,480.0,1,0,4,0,4742.01,3,0,0,1,0,1,0,0,0
9,495.0,1,0,4,0,4368.0,1,0,1,0,0,0,0,1,0
9,360.0,1,0,4,2,4520.88,3,0,0,0,1,0,0,1,0
8,485.0,1,0,4,2,4862.13,2,0,0,0,1,0,0,1,0
29,225.0,0,0,2,5,12538.89,1,0,1,0,0,0,0,1,0
29,545.0,1,1,4,0,3104.01,2,0,0,0,1,1,0,0,0
4,390.0,1,1,4,0,3822.0,3,1,0,0,0,0,0,0,1
1,530.0,1,0,0,3,6134.31,1,0,0,0,1,0,1,0,0
29,220.0,0,0,4,0,8506.68,1,0,0,1,0,0,1,0,0
22,240.0,1,0,0,2,8200.92,3,0,0,0,1,0,0,1,0
20,285.0,0,1,3,4,1840.02,3,1,0,0,0,0,1,0,0
9,490.0,1,0,0,5,4968.6,1,0,1,0,0,0,0,0,1
15,255.0,0,1,2,5,2871.96,1,0,0,0,1,1,0,0,0
17,365.0,1,0,2,5,8162.7,1,0,1,0,0,0,0,1,0
23,300.0,1,1,2,5,1094.73,1,1,0,0,0,0,0,1,0
6,255.0,1,0,4,0,2323.23,1,0,1,0,0,0,0,0,1
6,345.0,1,0,0,5,6145.23,3,0,0,0,1,0,0,1,0
23,410.0,1,0,4,0,4747.47,1,0,0,1,0,1,0,0,0
21,190.0,0,1,4,4,1638.0,0,0,0,1,0,1,0,0,0
29,230.0,0,1,0,0,1130.22,1,0,1,0,0,0,0,1,0
19,355.0,1,0,4,2,6470.1,0,0,0,0,1,0,1,0,0
19,505.0,1,0,2,3,10019.1,2,0,1,0,0,1,0,0,0
19,570.0,2,1,0,3,5268.9,1,0,0,0,1,1,0,0,0
16,410.0,1,1,1,0,2648.1,2,0,0,0,1,1,0,0,0
29,290.0,0,1,4,0,3494.4,0,0,1,0,0,1,0,0,0
16,360.0,1,0,0,2,4155.06,2,1,0,0,0,0,0,0,1
29,290.0,0,0,0,0,13322.4,3,0,1,0,0,1,0,0,0
4,555.0,1,0,4,0,7371.0,0,0,1,0,0,0,0,0,1
7,430.0,1,1,4,0,1397.76,3,0,1,0,0,0,0,1,0
29,230.0,0,0,5,5,12476.1,3,0,1,0,0,0,0,1,0
8,285.0,1,0,0,5,7684.95,2,0,0,1,0,0,0,0,1
4,195.0,0,1,2,5,1291.29,3,1,0,0,0,0,0,1,0
19,400.0,1,1,2,3,2353.26,1,0,0,0,1,1,0,0,0
29,300.0,0,1,2,5,8271.9,3,0,1,0,0,1,0,0,0
29,285.0,0,1,2,5,4021.29,2,1,0,0,0,0,1,0,0
29,220.0,0,0,0,2,10401.3,1,0,1,0,0,0,0,1,0
19,515.0,1,0,4,2,5077.8,3,0,0,0,1,0,1,0,0
4,195.0,0,0,0,2,8790.6,3,1,0,0,0,0,0,1,0
15,275.0,1,0,4,0,5350.8,2,0,0,1,0,0,0,0,1
29,230.0,0,1,0,0,1471.47,0,0,1,0,0,0,0,1,0
4,330.0,1,1,4,0,1365.0,1,1,0,0,0,0,0,0,1
23,445.0,1,1,0,2,2254.98,3,1,0,0,0,0,0,1,0
22,425.0,1,0,4,0,5954.13,0,0,0,1,0,0,0,0,1
4,380.0,1,1,0,5,3931.2,2,1,0,0,0,0,0,0,1
17,560.0,2,0,1,0,10019.1,2,0,0,0,1,1,0,0,0
4,185.0,0,0,0,0,9017.19,3,0,0,1,0,1,0,0,0
6,340.0,1,1,5,1,1004.64,3,0,0,0,1,0,1,0,0
29,220.0,0,1,4,0,1288.56,1,0,1,0,0,0,0,1,0
29,220.0,0,1,0,5,2074.8,0,0,0,1,0,0,1,0,0
31,295.0,1,1,4,0,1334.97,2,0,0,0,1,0,0,1,0
29,230.0,0,1,4,4,2921.1,0,0,1,0,0,0,0,1,0
16,495.0,1,0,1,0,4149.6,3,0,0,0,1,1,0,0,0
29,220.0,0,1,0,2,2921.1,0,0,1,0,0,0,0,1,0
20,205.0,0,1,0,2,1135.68,2,0,0,1,0,0,1,0,0
17,350.0,1,1,4,0,1359.54,1,0,0,1,0,0,1,0,0
19,500.0,1,0,0,5,7862.4,3,1,0,0,0,0,0,0,1
29,215.0,0,1,4,0,2148.51,3,0,0,1,0,0,1,0,0
1,500.0,1,0,2,3,11152.05,0,0,0,1,0,0,1,0,0
29,230.0,0,1,4,4,2320.5,0,0,1,0,0,0,0,1,0
16,410.0,1,1,1,0,2648.1,2,0,0,0,1,1,0,0,0
17,435.0,1,0,2,5,7712.25,3,0,1,0,0,0,0,0,1
4,525.0,1,0,0,5,6415.5,3,0,0,0,1,1,0,0,0
4,210.0,0,1,4,2,1343.16,1,0,0,1,0,0,1,0,0
17,385.0,1,1,4,0,3194.1,0,0,0,1,0,0,1,0,0
6,310.0,1,1,1,4,1307.67,2,0,1,0,0,0,0,1,0
21,245.0,0,1,0,0,1435.98,1,0,0,1,0,1,0,0,0
21,265.0,0,0,4,0,10155.6,2,1,0,0,0,0,1,0,0
4,545.0,1,1,4,2,3303.3,2,1,0,0,0,0,0,0,1
6,385.0,1,0,4,2,7117.11,1,0,0,1,0,0,1,0,0
9,400.0,1,0,4,0,5536.44,1,0,0,1,0,0,1,0,0
20,210.0,0,1,0,5,753.48,3,0,0,1,0,0,1,0,0
29,215.0,0,1,4,0,1801.8,0,0,0,1,0,0,1,0,0
15,190.0,0,1,0,0,2555.28,3,1,0,0,0,0,0,0,1
23,315.0,1,1,4,0,1528.8,0,0,0,1,0,1,0,0,0
4,570.0,1,1,4,2,2211.3,3,1,0,0,0,0,0,0,1
16,305.0,1,0,0,2,4709.25,3,1,0,0,0,0,0,1,0
16,455.0,1,1,1,0,1911.0,1,0,0,0,1,1,0,0,0
1,555.0,1,0,1,0,5312.58,1,0,1,0,0,0,0,0,1
0,400.0,1,0,4,2,9369.36,2,0,0,0,1,0,1,0,0
24,315.0,1,0,0,5,9352.98,3,0,0,1,0,0,1,0,0
29,210.0,0,0,2,3,8506.68,2,0,0,1,0,0,1,0,0
25,210.0,0,1,2,5,1378.65,3,0,0,1,0,1,0,0,0
21,285.0,0,0,2,5,17103.45,1,1,0,0,0,0,1,0,0
28,370.0,1,1,4,2,2588.04,1,1,0,0,0,0,0,1,0
4,195.0,0,1,4,4,3458.91,0,1,0,0,0,0,0,1,0
17,515.0,1,0,1,0,7616.7,2,0,0,0,1,0,1,0,0
6,290.0,1,1,1,4,1015.56,0,0,1,0,0,0,0,0,1
19,505.0,1,0,2,3,7261.8,0,0,1,0,0,1,0,0,0
17,435.0,1,1,2,5,1638.0,0,0,1,0,0,0,0,0,1
4,375.0,1,1,4,2,2246.79,1,1,0,0,0,0,0,0,1
23,360.0,1,1,4,0,2271.36,2,0,0,0,1,1,0,0,0
23,360.0,1,0,4,0,4804.8,2,0,0,0,1,1,0,0,0
3,530.0,1,1,4,2,1643.46,1,0,0,0,1,1,0,0,0
22,255.0,1,0,4,0,4867.59,0,0,0,0,1,0,0,1,0
21,190.0,0,1,4,4,3357.9,2,0,0,1,0,1,0,0,0
21,290.0,0,1,2,5,3854.76,2,0,1,0,0,1,0,0,0
29,215.0,0,1,4,0,1430.52,1,0,0,1,0,0,1,0,0
6,305.0,1,1,0,2,1485.12,1,0,1,0,0,0,0,1,0
21,290.0,0,1,0,0,5615.61,3,0,1,0,0,1,0,0,0
19,520.0,1,0,4,5,4594.59,2,0,0,1,0,0,1,0,0
23,360.0,1,0,4,0,3647.28,1,0,0,0,1,1,0,0,0
16,380.0,1,0,4,0,4013.1,3,1,0,0,0,0,0,1,0
8,550.0,1,0,4,2,4408.95,0,0,0,1,0,0,0,0,1
16,505.0,1,0,4,2,4013.1,3,1,0,0,0,0,0,1,0
21,190.0,0,0,0,0,7379.19,2,0,0,1,0,1,0,0,0
23,385.0,1,1,0,2,1334.97,1,1,0,0,0,0,0,1,0
23,305.0,1,1,0,5,2298.66,1,1,0,0,0,0,0,1,0
16,335.0,1,0,0,2,5842.2,2,0,0,1,0,0,0,0,1
4,185.0,0,1,4,0,4619.16,0,1,0,0,0,0,0,1,0
7,220.0,0,1,4,4,1228.5,1,0,1,0,0,0,0,1,0
4,185.0,0,1,0,2,2153.97,3,0,0,1,0,1,0,0,0
27,495.0,1,1,4,2,2031.12,1,0,0,0,1,1,0,0,0
6,285.0,1,1,1,4,1015.56,3,0,1,0,0,0,0,0,1
21,185.0,0,0,0,0,7447.44,3,0,0,1,0,1,0,0,0
31,290.0,1,1,0,2,3336.06,0,1,0,0,0,0,0,1,0
21,265.0,0,1,4,0,3690.96,2,1,0,0,0,0,1,0,0
23,470.0,1,1,4,5,909.09,2,1,0,0,0,0,0,1,0
22,425.0,1,0,4,0,5954.13,2,0,0,1,0,0,0,0,1
6,285.0,1,1,1,4,2156.7,3,0,1,0,0,0,0,0,1
7,210.0,0,1,0,2,1607.97,3,0,0,1,0,0,1,0,0
20,210.0,0,1,4,0,2271.36,3,0,0,1,0,0,1,0,0
22,260.0,1,0,0,2,5954.13,2,0,0,1,0,0,0,0,1
23,570.0,1,1,4,0,2129.4,2,0,0,1,0,1,0,0,0
4,210.0,0,1,0,0,2740.92,2,0,0,1,0,0,1,0,0
29,230.0,0,0,4,4,10286.64,2,0,1,0,0,0,0,1,0
21,190.0,0,0,2,5,6934.2,3,0,0,1,0,1,0,0,0
4,555.0,1,0,1,0,6415.5,0,0,0,0,1,1,0,0,0
21,300.0,0,0,0,0,20128.29,0,0,1,0,0,1,0,0,0
4,190.0,0,0,2,5,8976.24,3,0,0,1,0,1,0,0,0
7,215.0,0,1,4,4,1233.96,2,0,1,0,0,0,0,1,0
20,285.0,0,1,3,4,2558.01,3,1,0,0,0,0,1,0,0
4,465.0,1,0,4,0,6006.0,1,1,0,0,0,0,0,0,1
7,215.0,0,1,0,0,2107.56,0,0,1,0,0,0,0,1,0
16,365.0,1,0,4,0,4395.3,3,0,0,1,0,1,0,0,0
4,375.0,1,1,4,2,4340.7,0,1,0,0,0,0,0,0,1
2,390.0,1,1,1,0,1891.89,3,1,0,0,0,0,0,1,0
16,495.0,1,1,1,0,2184.0,3,0,0,0,1,1,0,0,0
7,460.0,1,1,4,0,1629.81,3,0,1,0,0,0,0,1,0
21,265.0,0,1,4,0,4924.92,0,1,0,0,0,0,1,0,0
4,185.0,0,1,4,4,5219.76,0,1,0,0,0,0,0,1,0
0,485.0,1,0,4,2,8356.53,1,0,1,0,0,0,0,0,1
22,255.0,1,0,0,2,4537.26,0,0,0,1,0,0,0,0,1
6,320.0,1,1,0,2,1015.56,1,0,1,0,0,0,0,0,1
19,370.0,1,0,0,5,4572.75,3,0,0,1,0,0,1,0,0
22,330.0,2,0,4,0,11048.31,3,0,0,1,0,0,0,0,1
21,290.0,0,1,2,5,3270.54,0,0,1,0,0,1,0,0,0
8,285.0,1,0,0,5,4411.68,0,0,0,1,0,0,0,0,1
24,505.0,1,1,0,5,1651.65,1,0,0,0,1,0,1,0,0
19,400.0,1,0,2,3,4641.0,2,0,0,0,1,1,0,0,0
29,210.0,0,1,2,5,1919.19,3,0,0,1,0,0,1,0,0
20,230.0,0,1,4,0,1089.27,1,0,1,0,0,0,0,1,0
16,395.0,1,1,1,0,2511.6,3,0,0,0,1,1,0,0,0
4,375.0,1,0,4,2,6115.2,2,1,0,0,0,0,0,0,1
16,335.0,1,0,1,4,4368.0,2,0,0,0,1,0,0,1,0
16,355.0,1,1,0,5,4231.5,3,0,0,0,1,1,0,0,0
0,320.0,1,0,4,2,9333.87,3,0,0,0,1,0,1,0,0
16,450.0,1,0,0,5,4335.24,3,0,0,0,1,0,0,1,0
19,475.0,2,0,4,2,7507.5,2,0,0,0,1,0,1,0,0
21,185.0,0,1,2,5,3439.8,2,0,0,1,0,1,0,0,0
21,440.0,1,1,0,5,3341.52,1,1,0,0,0,0,0,0,1
28,405.0,1,1,3,4,2850.12,3,1,0,0,0,0,0,0,1
20,505.0,1,1,4,0,2096.64,2,0,1,0,0,0,0,0,1
21,270.0,0,1,3,4,5760.3,2,1,0,0,0,0,1,0,0
4,210.0,0,0,0,0,6169.8,1,0,0,1,0,0,1,0,0
23,360.0,1,1,4,0,2839.2,2,0,0,0,1,1,0,0,0
12,450.0,1,0,2,3,10136.49,0,0,0,0,1,0,1,0,0
0,505.0,1,0,4,5,8001.63,0,0,0,0,1,0,1,0,0
18,360.0,1,1,0,2,2238.6,2,0,1,0,0,0,0,1,0
16,245.0,1,1,0,2,2566.2,1,1,0,0,0,0,0,1,0
4,525.0,1,1,0,5,2375.1,3,0,0,0,1,1,0,0,0
16,315.0,1,0,4,0,4586.4,0,0,0,1,0,0,0,0,1
16,420.0,1,0,4,2,4310.67,1,1,0,0,0,0,0,0,1
6,295.0,1,0,4,0,3658.2,0,0,0,1,0,0,1,0,0
23,365.0,1,1,2,3,1561.56,1,1,0,0,0,0,0,0,1
17,405.0,1,0,2,5,7753.2,1,0,1,0,0,0,0,0,1
0,270.0,1,0,4,0,9118.2,0,0,0,0,1,0,1,0,0
19,570.0,2,0,4,2,24182.34,0,0,0,1,0,1,0,0,0
6,300.0,1,1,2,5,1487.85,3,0,1,0,0,0,0,1,0
19,505.0,1,1,2,3,4728.36,2,0,1,0,0,1,0,0,0
15,380.0,1,1,0,5,3224.13,3,0,0,1,0,1,0,0,0
21,190.0,0,0,0,0,7343.7,0,1,0,0,0,0,0,0,1
29,220.0,0,0,1,4,13486.2,2,0,1,0,0,0,0,1,0
29,220.0,0,0,4,0,10537.8,0,0,1,0,0,0,0,1,0
19,500.0,2,1,0,5,2811.9,0,1,0,0,0,0,0,0,1
29,545.0,1,1,4,0,3166.8,0,0,0,0,1,1,0,0,0
20,230.0,0,1,0,0,1291.29,1,0,1,0,0,0,0,1,0
6,300.0,1,0,0,2,2323.23,1,0,1,0,0,0,0,0,1
29,210.0,0,0,2,5,12896.52,3,0,0,1,0,0,1,0,0
28,570.0,1,0,3,0,6388.2,1,1,0,0,0,0,0,0,1
33,415.0,1,1,4,0,2680.86,1,0,0,0,1,1,0,0,0
29,220.0,0,0,4,4,12645.36,2,0,1,0,0,0,0,1,0
29,215.0,0,1,2,5,1572.48,1,0,0,1,0,0,1,0,0
2,280.0,0,1,0,5,1668.03,3,1,0,0,0,0,1,0,0
21,190.0,0,0,2,5,7379.19,2,0,0,1,0,1,0,0,0
12,515.0,1,1,0,3,6385.47,1,1,0,0,0,0,1,0,0
20,555.0,1,1,0,5,3259.62,0,0,0,0,1,1,0,0,0
20,555.0,1,1,0,5,2055.69,0,0,0,0,1,1,0,0,0
16,365.0,1,1,4,0,2271.36,3,0,0,1,0,1,0,0,0
6,320.0,1,1,0,5,1509.69,0,0,1,0,0,0,0,1,0
29,215.0,0,1,4,0,3947.58,3,0,0,1,0,0,1,0,0
4,185.0,0,0,0,0,8976.24,3,0,0,1,0,1,0,0,0
9,330.0,1,0,4,0,4641.0,0,0,0,0,1,0,0,1,0
9,535.0,1,0,4,0,5350.8,3,0,1,0,0,0,0,0,1
16,300.0,1,0,2,5,3832.92,1,1,0,0,0,0,0,1,0
4,525.0,1,0,0,5,6415.5,0,0,0,0,1,1,0,0,0
23,470.0,1,1,4,5,1094.73,1,1,0,0,0,0,0,1,0
4,190.0,0,1,0,0,2844.66,1,0,0,1,0,1,0,0,0
29,230.0,0,1,0,0,1471.47,0,0,1,0,0,0,0,1,0
16,510.0,1,0,0,5,3824.73,2,1,0,0,0,0,0,1,0
24,485.0,1,1,0,5,2123.94,3,0,0,1,0,0,1,0,0
21,495.0,1,1,4,2,2268.63,3,1,0,0,0,0,1,0,0
6,295.0,1,0,0,2,4687.41,1,0,0,0,1,0,0,1,0
4,245.0,0,0,0,0,8998.08,1,0,0,1,0,1,0,0,0
16,445.0,1,0,4,2,3985.8,1,0,0,0,1,1,0,0,0
23,560.0,1,1,1,0,1094.73,0,0,0,1,0,1,0,0,0
27,225.0,0,1,4,0,971.88,0,0,0,1,0,0,1,0,0
23,325.0,1,0,0,2,2710.89,1,1,0,0,0,0,0,0,1
23,435.0,1,1,0,3,1015.56,3,1,0,0,0,0,0,0,1
29,275.0,0,1,2,5,3431.61,3,1,0,0,0,0,1,0,0
19,335.0,1,0,2,3,6169.8,2,0,0,1,0,1,0,0,0
9,425.0,1,0,4,0,4722.9,1,0,1,0,0,0,0,1,0
0,470.0,1,1,4,2,2730.0,0,0,1,0,0,0,0,0,1
17,350.0,1,1,2,5,1616.16,1,0,1,0,0,0,0,1,0
19,365.0,1,0,4,0,4477.2,0,0,0,1,0,0,0,0,1
21,200.0,0,1,2,5,1591.59,1,0,0,0,1,1,0,0,0
4,185.0,0,1,4,0,1455.09,2,1,0,0,0,0,0,1,0
21,190.0,0,0,2,5,7029.75,3,0,0,1,0,1,0,0,0
4,210.0,0,1,4,2,2077.53,3,0,0,1,0,0,1,0,0
27,195.0,0,1,0,2,1108.38,3,0,0,1,0,1,0,0,0
29,215.0,0,0,4,0,8506.68,1,0,0,1,0,0,1,0,0
19,415.0,1,0,2,3,6169.8,2,0,0,1,0,1,0,0,0
15,480.0,2,1,2,3,3084.9,2,0,0,0,1,1,0,0,0
27,225.0,0,1,0,0,952.77,1,0,1,0,0,0,0,1,0
12,515.0,1,0,1,0,12907.44,0,0,1,0,0,0,0,1,0
12,570.0,1,1,3,0,6606.6,1,1,0,0,0,0,1,0,0
4,565.0,1,1,1,0,3166.8,1,0,0,0,1,1,0,0,0
29,215.0,0,1,4,0,2915.64,2,0,0,1,0,0,1,0,0
6,315.0,1,0,4,0,3396.12,3,0,0,0,1,0,1,0,0
4,185.0,0,1,0,2,1872.78,0,0,0,1,0,1,0,0,0
4,190.0,0,1,2,5,2140.32,3,0,0,1,0,1,0,0,0
16,320.0,1,1,2,3,1446.9,0,0,0,1,0,0,0,0,1
7,195.0,0,1,2,5,2246.79,2,0,0,1,0,0,1,0,0
22,255.0,1,0,0,2,7815.99,3,0,0,1,0,0,0,0,1
23,360.0,1,1,4,0,2948.4,2,0,0,0,1,1,0,0,0
19,425.0,1,0,3,4,7835.1,0,1,0,0,0,0,0,0,1
21,300.0,0,1,0,0,5615.61,1,0,1,0,0,1,0,0,0
22,250.0,1,0,0,2,4873.05,1,0,0,0,1,0,0,1,0
0,270.0,1,0,4,0,8681.4,0,0,0,0,1,0,1,0,0
19,400.0,1,1,2,3,2866.5,2,0,0,0,1,1,0,0,0
20,205.0,0,1,2,5,1141.14,1,0,0,1,0,0,1,0,0
15,265.0,1,0,4,0,4930.38,3,0,0,1,0,0,0,0,1
18,345.0,1,0,0,2,7906.08,3,0,1,0,0,0,0,0,1
29,220.0,0,0,4,0,8506.68,2,0,0,1,0,0,1,0,0
29,210.0,0,0,2,5,8615.88,1,0,0,1,0,0,1,0,0
29,210.0,0,1,2,5,4160.52,3,0,0,1,0,0,1,0,0
24,480.0,1,0,0,5,5727.54,1,0,0,0,1,0,1,0,0
29,515.0,1,1,1,0,2959.32,3,0,0,0,1,1,0,0,0
19,400.0,1,0,2,3,6115.2,1,0,0,0,1,1,0,0,0
19,475.0,1,1,0,5,2093.91,0,1,0,0,0,0,0,1,0
6,315.0,1,1,4,0,1228.5,3,0,0,0,1,0,1,0,0
29,210.0,0,1,2,5,1676.22,1,0,0,1,0,0,1,0,0
4,185.0,0,1,4,4,1927.38,0,0,0,1,0,1,0,0,0
29,290.0,0,1,0,0,3303.3,3,0,1,0,0,1,0,0,0
9,480.0,1,0,4,0,4914.0,3,0,1,0,0,0,0,1,0
20,230.0,0,1,4,0,3559.92,2,0,1,0,0,0,0,1,0
29,230.0,0,1,0,0,1911.0,2,0,1,0,0,0,0,1,0
16,470.0,1,0,0,5,4559.1,3,0,0,1,0,1,0,0,0
29,230.0,0,1,0,0,1547.91,1,0,1,0,0,0,0,1,0
29,285.0,0,1,2,5,3404.31,1,1,0,0,0,0,1,0,0
19,490.0,2,0,0,5,5432.7,1,0,0,1,0,0,1,0,0
29,210.0,0,0,4,0,16909.62,1,1,0,0,0,0,1,0,0
29,210.0,0,1,2,3,1580.67,1,0,0,1,0,0,1,0,0
29,220.0,0,1,1,4,3488.94,1,0,1,0,0,0,0,1,0
19,400.0,1,0,3,4,5992.35,3,1,0,0,0,0,0,0,1
19,490.0,1,0,1,0,8135.4,1,0,1,0,0,0,0,0,1
19,390.0,1,0,2,5,6076.98,1,0,1,0,0,0,0,0,1
9,490.0,1,1,0,3,2211.3,0,0,0,0,1,0,1,0,0
29,210.0,0,1,0,2,2915.64,2,0,0,1,0,0,1,0,0
28,440.0,1,0,3,4,6606.6,2,1,0,0,0,0,1,0,0
22,270.0,1,0,0,2,4436.25,3,0,0,1,0,0,0,0,1
17,565.0,2,0,1,0,10054.59,3,0,0,0,1,1,0,0,0
7,235.0,0,1,4,0,1485.12,3,0,1,0,0,0,0,1,0
29,300.0,0,0,2,5,20199.27,3,0,1,0,0,1,0,0,0
21,185.0,0,0,0,0,7057.05,1,1,0,0,0,0,0,0,1
22,260.0,1,0,0,2,5956.86,1,0,0,1,0,0,0,0,1
21,270.0,0,0,3,4,10155.6,2,1,0,0,0,0,1,0,0
16,330.0,1,0,1,0,4335.24,3,0,0,0,1,0,0,1,0
31,520.0,1,1,0,5,2115.75,3,0,0,0,1,1,0,0,0
17,405.0,1,1,2,5,1911.0,0,0,1,0,0,0,0,0,1
9,515.0,1,0,4,0,9254.7,2,0,1,0,0,0,0,0,1
6,465.0,1,0,0,2,5304.39,1,0,1,0,0,0,0,1,0
29,285.0,0,0,2,5,11209.38,2,1,0,0,0,0,1,0,0
29,225.0,0,1,0,2,1471.47,0,0,1,0,0,0,0,1,0
29,300.0,0,1,0,0,3265.08,2,0,1,0,0,1,0,0,0
19,235.0,1,1,0,2,1801.8,0,0,0,0,1,0,0,1,0
11,415.0,1,1,0,2,3319.68,3,0,0,0,1,1,0,0,0
22,255.0,1,0,4,0,4873.05,3,0,0,0,1,0,0,1,0
4,185.0,0,1,4,4,2246.79,1,0,0,1,0,1,0,0,0
3,345.0,1,0,4,0,5323.5,0,0,0,0,1,0,0,1,0
20,240.0,0,1,0,0,933.66,3,0,1,0,0,0,0,1,0
21,190.0,0,1,2,5,2162.16,1,0,0,1,0,1,0,0,0
6,260.0,1,1,1,4,1015.56,2,0,1,0,0,0,0,0,1
29,215.0,0,0,0,2,8681.4,0,0,0,1,0,0,1,0,0
22,255.0,1,0,4,0,7813.26,2,0,0,1,0,0,0,0,1
29,220.0,0,1,4,0,1618.89,3,0,0,1,0,0,1,0,0
9,505.0,1,0,0,5,3767.4,3,0,1,0,0,0,0,1,0
19,400.0,1,0,2,3,6115.2,1,0,0,0,1,1,0,0,0
27,230.0,0,1,2,5,1534.26,1,0,1,0,0,0,0,1,0
2,280.0,0,1,0,5,1826.37,3,1,0,0,0,0,1,0,0
20,450.0,1,1,1,0,1053.78,1,0,1,0,0,0,0,1,0
19,265.0,1,1,2,5,2396.94,2,0,0,0,1,0,0,1,0
4,185.0,0,1,0,2,3106.74,3,0,0,1,0,1,0,0,0
21,190.0,0,1,2,5,1692.6,2,0,0,1,0,1,0,0,0
29,350.0,0,1,2,5,6325.41,1,0,1,0,0,1,0,0,0
16,365.0,1,0,0,2,4160.52,3,1,0,0,0,0,0,0,1
4,185.0,0,0,0,2,8962.59,1,0,0,1,0,1,0,0,0
29,220.0,0,0,4,0,10289.37,2,0,1,0,0,0,0,1,0
29,275.0,0,0,2,5,10622.43,3,1,0,0,0,0,1,0,0
15,370.0,1,1,0,5,2189.46,3,0,0,1,0,0,1,0,0
21,265.0,0,0,4,0,9822.54,2,1,0,0,0,0,1,0,0
15,225.0,1,0,2,5,4662.84,1,0,0,0,1,0,0,1,0
23,300.0,1,1,2,5,731.64,2,1,0,0,0,0,0,1,0
7,235.0,0,1,4,0,1266.72,3,0,1,0,0,0,0,1,0
21,185.0,0,1,0,0,3685.5,2,0,0,1,0,1,0,0,0
31,390.0,1,1,0,5,3215.94,0,1,0,0,0,0,0,1,0
21,310.0,0,0,2,5,16481.01,3,0,1,0,0,1,0,0,0
29,220.0,0,0,1,4,10677.03,0,0,1,0,0,0,0,1,0
19,570.0,2,0,0,3,7780.5,2,0,0,0,1,1,0,0,0
2,280.0,0,1,2,3,3619.98,2,1,0,0,0,0,1,0,0
17,525.0,1,0,1,0,7589.4,1,0,0,0,1,0,1,0,0
20,440.0,1,1,1,0,1485.12,3,0,1,0,0,0,0,1,0
21,185.0,0,1,4,4,1624.35,1,0,0,1,0,1,0,0,0
20,215.0,0,1,4,2,745.29,1,0,0,1,0,0,1,0,0
18,510.0,1,0,4,2,1971.06,3,0,0,0,1,0,0,1,0
29,215.0,0,1,2,5,3415.23,1,1,0,0,0,0,1,0,0
24,305.0,1,1,0,5,2391.48,1,0,0,1,0,0,1,0,0
21,215.0,0,1,2,5,5743.92,1,1,0,0,0,0,1,0,0
29,225.0,0,0,0,0,11056.5,2,0,1,0,0,0,0,1,0
19,345.0,1,0,4,2,4632.81,1,0,0,1,0,0,1,0,0
4,380.0,1,1,0,5,4368.0,1,1,0,0,0,0,0,0,1
27,195.0,0,1,4,4,1182.09,1,0,0,1,0,1,0,0,0
2,305.0,0,1,3,3,1878.24,1,0,1,0,0,1,0,0,0
2,300.0,0,1,3,3,2724.54,1,0,1,0,0,1,0,0,0
21,350.0,0,1,0,0,5615.61,1,0,1,0,0,1,0,0,0
22,415.0,2,0,4,0,11048.31,3,0,0,1,0,0,0,0,1
6,315.0,1,0,1,4,3043.95,2,0,1,0,0,0,0,1,0
23,365.0,1,1,2,3,1283.1,2,1,0,0,0,0,0,0,1
9,505.0,1,0,0,3,5623.8,1,0,0,0,1,0,1,0,0
0,270.0,1,1,4,0,1992.9,0,0,0,0,1,0,1,0,0
22,270.0,1,0,0,2,4542.72,1,0,0,1,0,0,0,0,1
16,375.0,1,0,1,0,5126.94,2,0,0,1,0,1,0,0,0
6,415.0,1,0,4,2,6306.3,3,0,0,0,1,0,1,0,0
3,345.0,1,0,4,0,4231.5,2,0,0,0,1,0,0,1,0
23,365.0,1,0,2,3,3931.2,2,1,0,0,0,0,0,0,1
4,380.0,1,0,0,5,9604.14,2,1,0,0,0,0,0,0,1
29,215.0,0,0,0,2,10540.53,3,0,0,1,0,0,1,0,0
23,315.0,1,0,4,0,4755.66,1,0,0,1,0,1,0,0,0
16,340.0,1,1,4,0,3049.41,3,0,0,1,0,1,0,0,0
3,390.0,1,0,4,2,4449.9,0,0,0,1,0,0,0,0,1
33,465.0,1,1,4,0,2216.76,1,0,0,0,1,1,0,0,0
18,380.0,1,0,2,5,7343.7,0,0,1,0,0,0,0,1,0
29,215.0,0,1,0,5,1430.52,1,0,0,1,0,0,1,0,0
16,480.0,1,0,4,2,4340.7,3,1,0,0,0,0,0,0,1
0,400.0,1,1,4,2,2972.97,2,0,0,0,1,0,1,0,0
16,325.0,1,1,0,5,2156.7,0,0,0,0,1,0,0,1,0
7,210.0,0,1,0,2,2962.05,3,0,0,1,0,0,1,0,0
4,465.0,1,0,4,0,16374.54,1,1,0,0,0,0,0,0,1
29,290.0,0,0,0,0,13322.4,3,0,1,0,0,1,0,0,0
23,335.0,1,1,1,4,1086.54,1,0,0,1,0,1,0,0,0
4,195.0,0,1,4,4,3144.96,3,1,0,0,0,0,0,1,0
17,515.0,1,1,1,0,2702.7,2,0,0,0,1,0,1,0,0
21,290.0,0,0,0,0,20188.35,3,0,1,0,0,1,0,0,0
20,210.0,0,1,0,5,2279.55,3,0,0,1,0,0,1,0,0
16,360.0,1,0,0,2,4155.06,1,1,0,0,0,0,0,0,1
4,195.0,0,1,4,4,1681.68,3,1,0,0,0,0,0,1,0
27,230.0,0,1,4,4,3134.04,0,0,1,0,0,0,0,1,0
24,350.0,1,1,4,0,3057.6,2,0,1,0,0,0,0,1,0
1,560.0,1,0,0,3,7054.32,2,0,0,1,0,0,1,0,0
21,290.0,0,0,2,5,15042.3,0,0,1,0,0,1,0,0,0
24,350.0,1,1,4,0,2285.01,1,0,1,0,0,0,0,1,0
29,210.0,0,0,2,3,10728.9,0,0,0,1,0,0,1,0,0
21,190.0,0,1,2,5,3357.9,2,0,0,1,0,1,0,0,0
4,210.0,0,1,0,0,2487.03,2,0,0,1,0,0,1,0,0
15,385.0,1,1,4,2,2511.6,0,0,0,1,0,0,1,0,0
3,475.0,1,0,4,2,4231.5,0,0,0,0,1,0,0,1,0
29,210.0,0,0,0,2,8506.68,1,0,0,1,0,0,1,0,0
21,285.0,0,1,2,5,5683.86,2,1,0,0,0,0,1,0,0
4,190.0,0,1,0,0,2025.66,1,0,0,1,0,1,0,0,0
4,190.0,0,1,2,5,2153.97,3,0,0,1,0,1,0,0,0
21,185.0,0,0,0,0,7040.67,1,1,0,0,0,0,0,0,1
21,185.0,0,0,5,5,6996.99,3,0,0,1,0,1,0,0,0
6,300.0,1,1,0,2,1591.59,2,0,1,0,0,0,0,0,1
29,220.0,0,0,4,0,8681.4,0,0,0,1,0,0,1,0,0
11,450.0,1,1,4,0,1859.13,1,0,0,0,1,1,0,0,0
23,570.0,1,0,4,0,4772.04,2,0,0,1,0,1,0,0,0
17,385.0,1,1,4,0,1831.83,0,0,0,1,0,0,1,0,0
21,185.0,0,1,0,0,1545.18,2,0,0,1,0,1,0,0,0
15,275.0,1,0,0,2,4690.14,3,0,0,0,1,0,0,1,0
19,350.0,1,1,0,5,2140.32,2,0,0,1,0,0,1,0,0
29,220.0,0,1,4,4,1801.8,1,0,1,0,0,0,0,1,0
16,390.0,1,0,4,2,4395.3,2,0,0,1,0,1,0,0,0
21,185.0,0,1,2,5,2227.68,1,0,0,1,0,1,0,0,0
19,390.0,1,1,2,5,4067.7,0,0,1,0,0,0,0,0,1
15,210.0,1,0,4,0,4924.92,2,0,0,1,0,0,0,0,1
23,445.0,1,0,0,2,2904.72,3,1,0,0,0,0,0,1,0
16,410.0,1,1,1,0,5050.5,2,0,0,0,1,1,0,0,0
18,505.0,1,0,4,2,3931.2,0,0,0,1,0,0,1,0,0
0,270.0,1,1,4,0,1992.9,1,0,0,0,1,0,1,0,0
6,290.0,1,0,1,4,2492.49,0,0,1,0,0,0,0,0,1
29,290.0,0,1,0,0,6688.5,3,0,1,0,0,1,0,0,0
6,260.0,1,1,1,4,1441.44,1,0,1,0,0,0,0,0,1
29,215.0,0,0,4,0,12896.52,3,0,0,1,0,0,1,0,0
15,505.0,1,1,0,5,2162.16,2,0,0,0,1,1,0,0,0
29,220.0,0,0,1,4,10289.37,2,0,1,0,0,0,0,1,0
21,185.0,0,1,5,5,3330.6,2,0,0,1,0,1,0,0,0
19,370.0,1,0,0,5,4632.81,1,0,0,1,0,0,1,0,0
22,250.0,1,1,4,0,1206.66,0,0,0,1,0,0,0,0,1
12,450.0,1,0,2,3,10567.83,2,0,0,0,1,0,1,0,0
21,300.0,1,1,0,5,3232.32,1,1,0,0,0,0,0,0,1
9,560.0,1,0,0,5,5896.8,1,0,1,0,0,0,0,0,1
15,215.0,1,0,0,2,4662.84,1,0,0,0,1,0,0,1,0
21,290.0,0,0,2,5,14927.64,1,0,1,0,0,1,0,0,0
29,210.0,0,1,0,2,1902.81,2,0,0,1,0,0,1,0,0
29,285.0,0,0,2,5,11438.7,0,1,0,0,0,0,1,0,0
16,355.0,1,1,0,5,4116.84,3,0,0,0,1,1,0,0,0
23,360.0,1,0,4,0,2839.2,0,0,0,0,1,1,0,0,0
29,225.0,0,1,4,4,1711.71,0,0,1,0,0,0,0,1,0
21,185.0,0,1,2,2,2184.0,1,0,0,1,0,1,0,0,0
29,300.0,0,0,0,0,14073.15,0,0,1,0,0,1,0,0,0
20,325.0,0,1,5,3,2159.43,3,0,1,0,0,1,0,0,0
6,290.0,1,1,4,0,1870.05,2,0,0,1,0,0,1,0,0
19,340.0,1,1,2,3,1698.06,1,0,0,1,0,1,0,0,0
22,255.0,1,0,4,0,7813.26,2,0,0,1,0,0,0,0,1
4,210.0,0,0,0,0,5506.41,1,0,0,1,0,0,1,0,0
21,350.0,0,0,0,0,19549.53,1,0,1,0,0,1,0,0,0
19,535.0,1,0,4,2,6470.1,0,0,0,0,1,0,1,0,0
0,270.0,1,0,4,0,8471.19,1,0,0,0,1,0,1,0,0
19,215.0,1,0,2,5,4477.2,0,0,0,1,0,0,0,0,1
22,445.0,1,0,0,5,8200.92,3,0,0,0,1,0,0,1,0
4,375.0,1,0,4,2,12448.8,0,1,0,0,0,0,0,0,1
21,285.0,0,1,4,0,3767.4,3,1,0,0,0,0,1,0,0
15,290.0,1,0,4,0,5296.2,0,0,0,1,0,0,0,0,1
4,185.0,0,1,0,0,2153.97,3,0,0,1,0,1,0,0,0
29,210.0,0,1,2,3,1572.48,1,0,0,1,0,0,1,0,0
29,225.0,0,1,0,0,2274.09,0,0,0,1,0,0,1,0,0
7,210.0,0,1,0,2,1468.74,1,0,0,1,0,0,1,0,0
19,570.0,2,0,0,3,5378.1,0,0,0,0,1,1,0,0,0
28,570.0,1,1,3,0,2358.72,1,1,0,0,0,0,0,0,1
29,225.0,0,0,0,0,8506.68,1,0,0,1,0,0,1,0,0
7,195.0,0,1,0,0,3344.25,2,0,0,1,0,0,1,0,0
27,225.0,0,1,2,5,1386.84,1,0,0,1,0,0,1,0,0
15,380.0,1,1,0,5,3306.03,3,0,0,1,0,1,0,0,0
7,210.0,0,1,0,2,1632.54,3,0,0,1,0,0,1,0,0
4,195.0,0,1,2,5,2178.54,3,1,0,0,0,0,0,1,0
26,310.0,1,1,4,0,2768.22,3,0,0,1,0,1,0,0,0
6,300.0,1,1,0,2,1143.87,1,0,1,0,0,0,0,0,1
6,320.0,1,1,1,4,1457.82,2,0,1,0,0,0,0,1,0
4,525.0,1,0,1,2,5214.3,3,0,0,0,1,0,1,0,0
20,205.0,0,1,2,5,1706.25,2,0,0,1,0,0,1,0,0
20,205.0,0,1,0,2,1875.51,0,0,0,1,0,0,1,0,0
29,215.0,0,1,0,2,1313.13,3,0,0,1,0,0,1,0,0
24,350.0,1,0,4,0,8116.29,3,0,1,0,0,0,0,1,0
19,230.0,1,0,0,2,4531.8,1,0,0,1,0,0,0,0,1
15,210.0,1,0,4,0,5350.8,2,0,0,1,0,0,0,0,1
22,415.0,2,0,4,0,11064.69,0,0,0,1,0,0,0,0,1
6,355.0,1,0,5,3,3876.6,1,0,0,1,0,0,1,0,0
19,400.0,1,1,2,3,2866.5,1,0,0,0,1,1,0,0,0
23,405.0,1,1,4,2,3931.2,2,1,0,0,0,0,0,0,1
16,355.0,1,0,0,5,4149.6,3,0,0,0,1,1,0,0,0
22,250.0,1,1,0,2,2754.57,2,0,0,0,1,0,0,1,0
12,460.0,1,1,1,0,4812.99,1,0,1,0,0,1,0,0,0
28,405.0,1,0,3,4,6388.2,3,1,0,0,0,0,0,0,1
20,210.0,0,1,4,0,849.03,3,0,0,1,0,0,1,0,0
23,335.0,1,0,1,4,3557.19,1,0,0,1,0,1,0,0,0
19,385.0,1,0,2,5,5678.4,1,0,1,0,0,0,0,0,1
19,240.0,1,0,0,2,4613.7,1,0,0,1,0,0,0,0,1
23,560.0,1,0,0,5,2907.45,3,1,0,0,0,0,0,1,0
19,475.0,2,0,0,5,6934.2,2,0,1,0,0,0,0,0,1
19,340.0,1,0,2,3,4777.5,1,0,0,1,0,1,0,0,0
4,510.0,1,1,4,2,1365.0,1,1,0,0,0,0,0,0,1
18,380.0,1,1,2,5,2511.6,0,0,1,0,0,0,0,1,0
21,245.0,0,0,4,4,7300.019999999999,1,0,0,1,0,1,0,0,0
6,295.0,1,1,4,0,1545.18,0,0,0,1,0,0,1,0,0
16,335.0,1,1,0,2,1283.1,3,0,0,1,0,1,0,0,0
22,415.0,2,0,4,0,11048.31,3,0,0,1,0,0,0,0,1
16,405.0,1,0,4,2,4335.24,3,0,0,0,1,0,0,1,0
6,285.0,1,0,1,4,2320.5,3,0,1,0,0,0,0,0,1
4,185.0,0,0,0,2,8929.83,1,0,0,1,0,1,0,0,0
16,380.0,1,1,4,2,2648.1,2,0,0,0,1,1,0,0,0
17,350.0,1,1,4,0,1861.86,3,0,0,1,0,0,1,0,0
29,215.0,0,0,4,0,8506.68,1,0,0,1,0,0,1,0,0
19,335.0,1,1,2,3,1515.15,0,0,0,1,0,1,0,0,0
20,230.0,0,1,4,0,1291.29,1,0,1,0,0,0,0,1,0
16,335.0,1,0,0,2,4395.3,2,0,0,1,0,1,0,0,0
8,285.0,1,0,0,5,7684.95,0,0,0,1,0,0,0,0,1
15,515.0,1,1,5,1,2478.84,3,0,0,0,1,1,0,0,0
25,270.0,0,1,2,5,1083.81,1,0,0,1,0,1,0,0,0
21,390.0,1,1,0,2,3426.15,1,1,0,0,0,0,0,0,1
9,490.0,1,0,0,3,5187.0,0,0,0,0,1,0,1,0,0
29,220.0,0,0,0,2,10289.37,2,0,1,0,0,0,0,1,0
21,185.0,0,1,2,5,1719.9,0,0,0,1,0,1,0,0,0
23,500.0,1,0,0,5,2888.34,1,1,0,0,0,0,0,1,0
0,310.0,1,1,0,2,3084.9,0,0,1,0,0,0,0,0,1
6,300.0,1,0,2,5,2822.82,3,0,1,0,0,0,0,1,0
18,505.0,1,1,4,2,2159.43,3,0,0,1,0,0,1,0,0
21,280.0,0,0,2,5,17103.45,2,1,0,0,0,0,1,0,0
19,365.0,1,1,0,5,2399.67,3,0,0,1,0,0,1,0,0
24,360.0,1,1,4,0,1870.05,1,0,1,0,0,0,0,0,1
29,220.0,0,0,4,0,8506.68,1,0,0,1,0,0,1,0,0
19,375.0,1,1,4,2,2538.9,3,0,0,0,1,0,1,0,0
16,370.0,1,0,0,5,4013.1,3,1,0,0,0,0,0,1,0
4,220.0,0,0,1,4,8927.1,0,0,1,0,0,0,0,1,0
17,405.0,1,0,2,5,7750.47,2,0,1,0,0,0,0,0,1
16,340.0,1,1,0,5,1419.6,0,0,0,0,1,0,0,1,0
15,450.0,1,1,1,0,2511.6,0,0,0,1,0,0,1,0,0
16,365.0,1,1,0,2,3084.9,3,1,0,0,0,0,0,0,1
2,305.0,0,1,3,3,1512.42,3,0,1,0,0,1,0,0,0
4,390.0,1,1,4,0,3104.01,3,1,0,0,0,0,0,0,1
19,375.0,1,0,3,4,10401.3,0,1,0,0,0,0,0,1,0
6,305.0,1,0,0,2,2809.17,1,0,1,0,0,0,0,1,0
4,485.0,1,1,4,2,2375.1,0,0,0,0,1,1,0,0,0
16,500.0,1,1,0,5,1728.09,0,1,0,0,0,0,0,1,0
16,410.0,1,0,1,0,3985.8,2,0,0,0,1,1,0,0,0
28,405.0,1,0,3,4,6456.45,3,1,0,0,0,0,1,0,0
16,360.0,1,0,0,2,4286.1,2,1,0,0,0,0,0,0,1
29,300.0,0,1,0,0,3265.08,1,0,1,0,0,1,0,0,0
21,190.0,0,1,0,0,3357.9,2,0,0,1,0,1,0,0,0
23,365.0,1,1,2,3,1004.64,1,1,0,0,0,0,0,0,1
16,465.0,1,0,4,0,4559.1,3,0,0,1,0,1,0,0,0
19,570.0,2,0,0,3,5378.1,0,0,0,0,1,1,0,0,0
24,535.0,1,0,4,0,8525.789999999999,3,0,1,0,0,0,0,1,0
1,555.0,1,0,1,0,5318.04,3,0,1,0,0,0,0,0,1
15,215.0,1,1,0,2,1250.34,3,0,0,0,1,0,0,1,0
0,420.0,1,0,0,5,8151.78,2,0,1,0,0,0,0,1,0
15,260.0,1,0,0,5,4900.35,1,0,0,1,0,0,0,0,1
17,560.0,2,0,0,5,11411.4,1,0,0,0,1,1,0,0,0
7,210.0,0,1,2,5,1452.36,2,0,0,1,0,0,1,0,0
19,250.0,1,1,0,2,2686.32,0,0,0,0,1,0,0,1,0
15,275.0,1,0,0,5,4673.76,1,0,0,0,1,0,0,1,0
21,290.0,0,1,2,5,3270.54,1,0,1,0,0,1,0,0,0
4,185.0,0,1,4,4,1662.57,1,1,0,0,0,0,0,1,0
28,570.0,1,0,3,0,6388.2,2,1,0,0,0,0,0,0,1
4,225.0,0,0,4,4,5432.7,0,0,1,0,0,0,0,1,0
19,475.0,2,0,0,5,8681.4,0,0,1,0,0,0,0,0,1
7,195.0,0,1,0,0,2246.79,2,0,0,1,0,0,1,0,0
18,370.0,1,0,2,5,7144.41,1,0,1,0,0,0,0,1,0
24,360.0,1,0,4,0,6412.77,1,0,1,0,0,0,0,0,1
0,370.0,1,0,5,1,8681.4,2,0,0,0,1,0,1,0,0
0,415.0,1,1,4,5,2724.54,3,0,0,1,0,0,1,0,0
24,350.0,1,0,4,0,8094.45,1,0,1,0,0,0,0,1,0
4,545.0,1,1,4,2,4870.32,0,1,0,0,0,0,0,0,1
16,430.0,1,0,0,5,4488.12,1,0,0,1,0,1,0,0,0
19,570.0,2,1,0,3,2156.7,1,0,0,0,1,1,0,0,0
28,405.0,1,1,3,4,2869.23,3,1,0,0,0,0,1,0,0
19,415.0,1,1,2,3,5877.69,0,0,0,1,0,1,0,0,0
4,380.0,1,0,4,2,12386.01,0,1,0,0,0,0,0,0,1
19,505.0,1,1,2,3,3494.4,1,0,1,0,0,1,0,0,0
0,270.0,1,1,4,0,3221.4,2,0,0,0,1,0,1,0,0
4,190.0,0,0,4,0,8790.6,0,1,0,0,0,0,0,1,0
9,515.0,1,0,4,0,4722.9,2,0,1,0,0,0,0,1,0
4,380.0,1,0,0,5,12448.8,0,1,0,0,0,0,0,0,1
21,185.0,0,1,0,0,1493.31,1,0,0,1,0,1,0,0,0
2,305.0,0,1,3,3,1506.96,3,0,1,0,0,1,0,0,0
20,205.0,0,1,0,2,1141.14,1,0,0,1,0,0,1,0,0
21,265.0,0,1,4,0,3284.19,1,1,0,0,0,0,1,0,0
16,460.0,1,0,0,5,4013.1,3,1,0,0,0,0,0,1,0
6,315.0,1,1,1,4,1640.73,2,0,1,0,0,0,0,1,0
19,355.0,1,0,4,2,8408.4,2,0,0,0,1,0,1,0,0
4,390.0,1,0,4,0,9604.14,3,1,0,0,0,0,0,0,1
4,185.0,0,0,0,2,8927.1,2,0,0,1,0,1,0,0,0
19,570.0,2,0,0,3,5378.1,2,0,0,0,1,1,0,0,0
9,545.0,1,1,0,5,3985.8,0,0,1,0,0,0,0,0,1
28,440.0,1,1,3,4,6142.5,0,1,0,0,0,0,1,0,0
15,195.0,0,0,2,5,9789.78,3,0,0,0,1,1,0,0,0
25,210.0,0,1,4,4,660.66,3,1,0,0,0,0,0,1,0
12,540.0,1,0,1,0,5820.36,1,0,1,0,0,0,0,0,1
3,345.0,1,0,4,0,4231.5,0,0,0,0,1,0,0,1,0
21,250.0,0,0,2,5,7330.05,1,0,0,1,0,1,0,0,0
15,205.0,1,0,4,0,5004.09,3,0,0,1,0,0,0,0,1
29,230.0,0,0,0,0,10537.8,0,0,1,0,0,0,0,1,0
6,460.0,1,0,0,2,4812.99,1,0,1,0,0,0,0,0,1
17,350.0,1,1,2,5,3030.3,0,0,1,0,0,0,0,1,0
19,415.0,1,0,0,5,5023.2,0,0,0,0,1,0,1,0,0
29,285.0,0,1,2,5,3980.34,0,1,0,0,0,0,1,0,0
6,560.0,1,0,4,5,3658.2,0,0,0,1,0,0,1,0,0
29,220.0,0,1,4,4,2003.82,2,0,1,0,0,0,0,1,0
1,570.0,1,0,0,3,7054.32,0,0,0,1,0,0,1,0,0
16,390.0,1,0,0,5,3819.27,1,1,0,0,0,0,0,1,0
16,495.0,1,0,1,0,4149.6,3,0,0,0,1,1,0,0,0
22,445.0,1,0,0,5,8198.19,2,0,0,0,1,0,0,1,0
23,365.0,1,0,2,3,4570.02,1,1,0,0,0,0,0,0,1
20,285.0,0,1,3,1,2563.47,2,1,0,0,0,0,1,0,0
29,220.0,0,1,0,5,1572.48,1,0,0,1,0,0,1,0,0
28,445.0,1,0,3,4,6431.88,2,1,0,0,0,0,1,0,0
33,395.0,1,1,0,5,1668.03,2,0,0,1,0,1,0,0,0
7,235.0,0,1,0,0,1485.12,3,0,1,0,0,0,0,1,0
12,540.0,1,0,1,0,6057.87,1,0,1,0,0,0,0,0,1
19,365.0,1,0,1,0,6033.3,3,0,0,1,0,0,0,0,1
9,555.0,2,0,0,5,11048.31,2,1,0,0,0,0,0,0,1
4,380.0,1,1,0,5,2648.1,2,1,0,0,0,0,0,0,1
4,475.0,1,1,4,2,4201.47,1,1,0,0,0,0,0,0,1
29,225.0,0,1,2,5,1291.29,2,0,1,0,0,0,0,1,0
19,240.0,1,1,1,4,1550.64,0,0,0,1,0,0,0,0,1
4,545.0,1,1,4,2,4968.6,0,1,0,0,0,0,0,0,1
17,405.0,1,1,2,5,2566.2,0,0,1,0,0,0,0,0,1
29,230.0,0,0,5,5,10281.18,3,0,1,0,0,0,0,1,0
9,475.0,1,0,0,3,7125.3,1,0,0,0,1,0,1,0,0
16,505.0,2,0,1,0,6552.0,3,0,0,0,1,1,0,0,0
15,190.0,0,0,0,0,10062.78,3,1,0,0,0,0,0,0,1
27,195.0,0,1,0,0,1064.7,1,0,0,1,0,1,0,0,0
12,460.0,1,0,1,0,9019.92,1,0,1,0,0,1,0,0,0
16,505.0,1,0,4,2,3983.07,3,1,0,0,0,0,0,1,0
15,305.0,1,0,4,0,4687.41,2,0,0,0,1,0,0,1,0
21,255.0,0,1,2,5,1588.86,1,0,0,0,1,1,0,0,0
21,335.0,1,1,4,0,2186.73,0,1,0,0,0,0,0,1,0
18,520.0,1,0,4,0,3764.67,1,0,0,1,0,0,1,0,0
18,520.0,1,0,4,0,3761.94,1,0,0,1,0,0,1,0,0
26,405.0,1,1,2,5,2669.94,2,0,0,0,1,1,0,0,0
17,540.0,2,0,0,5,9991.8,3,0,0,0,1,1,0,0,0
6,295.0,1,1,0,2,1274.91,3,0,1,0,0,0,0,0,1
19,365.0,1,0,0,5,6825.0,3,0,0,1,0,0,1,0,0
1,525.0,1,0,2,3,7081.62,2,0,0,1,0,0,1,0,0
16,365.0,1,0,0,2,4163.25,3,1,0,0,0,0,0,0,1
16,395.0,1,1,0,2,1946.49,1,0,0,1,0,1,0,0,0
27,230.0,0,1,4,4,952.77,2,0,1,0,0,0,0,1,0
29,210.0,0,0,2,3,8506.68,1,0,0,1,0,0,1,0,0
29,210.0,0,0,2,3,10540.53,3,0,0,1,0,0,1,0,0
29,220.0,0,1,0,5,2274.09,0,0,0,1,0,0,1,0,0
21,470.0,1,1,0,5,2432.43,3,1,0,0,0,0,0,0,1
22,445.0,1,0,0,5,4870.32,0,0,0,0,1,0,0,1,0
19,230.0,1,1,0,2,1853.67,0,0,0,1,0,0,0,0,1
19,250.0,1,0,0,2,8353.8,0,0,0,0,1,0,0,1,0
21,350.0,0,1,2,5,3265.08,1,0,1,0,0,1,0,0,0
12,545.0,1,0,0,3,13854.75,0,0,0,0,1,0,1,0,0
19,570.0,2,0,0,3,6879.6,1,0,0,0,1,1,0,0,0
27,195.0,0,1,2,5,846.3,1,1,0,0,0,0,0,1,0
19,260.0,1,1,0,2,1801.8,0,0,0,0,1,0,0,1,0
29,215.0,0,1,4,0,1572.48,1,0,0,1,0,0,1,0,0
23,370.0,1,1,0,5,2252.25,3,1,0,0,0,0,0,1,0
29,220.0,0,1,1,4,2320.5,0,0,1,0,0,0,0,1,0
19,390.0,1,0,2,5,6197.1,0,0,1,0,0,0,0,0,1
21,190.0,0,1,0,0,1831.83,3,1,0,0,0,0,0,0,1
9,485.0,1,1,0,5,1556.1,0,0,1,0,0,0,0,0,1
6,415.0,1,0,4,2,6306.3,3,0,0,0,1,0,1,0,0
16,320.0,1,0,2,3,4152.33,1,1,0,0,0,0,0,0,1
15,275.0,1,0,4,0,4894.89,1,0,0,1,0,0,0,0,1
19,570.0,2,0,0,3,7780.5,2,0,0,0,1,1,0,0,0
23,365.0,1,0,2,3,2694.51,1,1,0,0,0,0,0,0,1
27,230.0,0,1,0,2,3134.04,0,0,1,0,0,0,0,1,0
0,320.0,1,0,4,2,8490.3,3,0,0,0,1,0,1,0,0
16,360.0,1,1,0,2,1752.66,0,1,0,0,0,0,0,0,1
4,185.0,0,0,4,0,8790.6,0,1,0,0,0,0,0,1,0
25,210.0,0,1,2,5,2194.92,3,0,0,1,0,1,0,0,0
29,210.0,0,0,2,5,10540.53,3,0,0,1,0,0,1,0,0
27,225.0,0,1,2,5,1225.77,1,0,0,1,0,0,1,0,0
29,225.0,0,1,0,2,1116.57,3,0,1,0,0,0,0,1,0
23,435.0,1,1,4,2,2648.1,3,1,0,0,0,0,0,0,1
16,290.0,1,0,0,2,3832.92,1,1,0,0,0,0,0,1,0
12,485.0,1,0,0,5,12052.95,0,0,1,0,0,0,0,1,0
16,395.0,1,0,0,5,3808.35,0,1,0,0,0,0,0,1,0
21,290.0,0,1,4,0,2964.78,3,1,0,0,0,0,1,0,0
28,405.0,1,0,3,4,6388.2,3,1,0,0,0,0,0,0,1
29,545.0,1,1,4,0,2948.4,2,0,0,0,1,1,0,0,0
19,415.0,1,0,0,5,6524.7,2,0,0,0,1,0,1,0,0
10,510.0,1,0,4,2,4368.0,0,0,0,1,0,0,0,0,1
7,215.0,0,1,4,4,2107.56,0,0,1,0,0,0,0,1,0
9,560.0,1,0,4,0,6115.2,1,0,1,0,0,0,0,0,1
9,515.0,1,0,4,0,7234.5,0,0,1,0,0,0,0,0,1
29,210.0,0,0,0,2,8506.68,2,0,0,1,0,0,1,0,0
4,380.0,1,1,0,5,5651.1,2,1,0,0,0,0,0,0,1
27,230.0,0,1,4,4,889.98,2,0,1,0,0,0,0,1,0
4,190.0,0,0,2,5,9017.19,3,0,0,1,0,1,0,0,0
20,480.0,1,1,1,0,1487.85,3,0,1,0,0,0,0,1,0
16,485.0,1,1,4,2,1556.1,3,0,0,1,0,1,0,0,0
20,310.0,0,1,2,5,1381.38,0,0,1,0,0,1,0,0,0
0,470.0,1,1,4,2,2538.9,2,0,1,0,0,0,0,0,1
4,390.0,1,0,4,0,9604.14,3,1,0,0,0,0,0,0,1
4,380.0,1,0,0,5,9604.14,1,1,0,0,0,0,0,0,1
18,520.0,1,0,4,0,3671.85,2,0,0,1,0,0,1,0,0
0,390.0,1,0,0,5,8528.52,1,0,0,0,1,0,1,0,0
19,255.0,1,1,2,5,2481.57,2,0,0,0,1,0,0,1,0
17,405.0,1,0,2,5,7753.2,0,0,1,0,0,0,0,0,1
4,185.0,0,1,4,4,4313.4,2,1,0,0,0,0,0,1,0
4,565.0,1,0,1,0,7343.7,0,0,0,0,1,1,0,0,0
16,480.0,1,1,4,2,2238.6,3,1,0,0,0,0,0,0,1
4,195.0,0,1,4,4,3445.26,3,1,0,0,0,0,0,1,0
21,455.0,1,1,4,2,1225.77,1,1,0,0,0,0,0,1,0
7,195.0,0,1,0,0,1452.36,2,0,0,1,0,0,1,0,0
19,570.0,2,1,0,3,2156.7,2,0,0,0,1,1,0,0,0
19,570.0,2,0,0,3,7780.5,0,0,0,0,1,1,0,0,0
30,380.0,1,1,0,5,3740.1,1,0,0,0,1,1,0,0,0
23,385.0,1,0,0,2,2694.51,3,1,0,0,0,0,0,0,1
20,215.0,0,1,0,5,859.95,1,0,0,1,0,0,1,0,0
6,295.0,1,1,0,5,1659.84,1,0,0,0,1,0,1,0,0
29,350.0,0,0,2,5,20199.27,1,0,1,0,0,1,0,0,0
31,300.0,1,1,4,0,1444.17,0,0,0,1,0,0,0,0,1
31,370.0,1,1,0,5,914.55,0,0,0,1,0,0,0,0,1
21,190.0,0,1,2,5,1638.0,0,0,0,1,0,1,0,0,0
18,370.0,1,0,2,5,7343.7,2,0,1,0,0,0,0,1,0
4,185.0,0,0,4,4,8790.6,0,1,0,0,0,0,0,1,0
23,550.0,1,1,4,5,1094.73,1,1,0,0,0,0,0,1,0
4,350.0,1,0,4,0,8370.18,3,0,0,1,0,0,1,0,0
20,240.0,0,1,4,4,2271.36,3,0,1,0,0,0,0,1,0
21,185.0,0,0,2,5,7409.22,2,0,0,1,0,1,0,0,0
21,200.0,0,0,2,5,7856.94,1,0,0,0,1,1,0,0,0
22,250.0,1,0,4,0,4436.25,3,0,0,1,0,0,0,0,1
9,390.0,1,0,2,5,4313.4,1,0,1,0,0,0,0,1,0
21,190.0,0,0,0,0,7051.59,3,1,0,0,0,0,0,0,1
22,325.0,2,0,4,0,14291.55,0,0,0,1,0,0,0,0,1
17,335.0,1,1,4,0,1831.83,0,0,0,1,0,0,1,0,0
23,545.0,1,0,4,0,3589.95,1,0,0,1,0,1,0,0,0
16,385.0,1,0,4,2,3985.8,3,0,0,0,1,1,0,0,0
16,480.0,1,0,4,2,4365.27,3,1,0,0,0,0,0,0,1
6,295.0,1,1,4,0,1708.98,2,0,0,1,0,0,1,0,0
12,460.0,1,0,1,0,16587.48,2,0,1,0,0,1,0,0,0
21,190.0,0,1,0,0,1471.47,3,1,0,0,0,0,0,0,1
29,225.0,0,1,0,0,1905.54,2,0,0,1,0,0,1,0,0
6,325.0,1,0,4,0,3387.93,2,0,0,0,1,0,1,0,0
21,185.0,0,1,4,4,3024.84,3,0,0,1,0,1,0,0,0
6,560.0,1,0,4,5,3546.27,2,0,0,1,0,0,1,0,0
23,445.0,1,0,0,2,2877.42,3,1,0,0,0,0,0,1,0
1,470.0,1,0,0,3,7081.62,2,0,0,1,0,0,1,0,0
6,290.0,1,0,4,0,3535.35,2,0,0,1,0,0,1,0,0
16,480.0,1,1,4,2,3576.3,3,1,0,0,0,0,0,0,1
20,310.0,0,1,2,5,2858.31,2,0,1,0,0,1,0,0,0
29,285.0,0,1,2,5,4040.4,2,1,0,0,0,0,1,0,0
29,225.0,0,1,2,5,2143.05,1,0,1,0,0,0,0,1,0
27,225.0,0,1,2,5,971.88,0,0,0,1,0,0,1,0,0
4,570.0,1,0,0,5,8981.7,1,0,0,0,1,1,0,0,0
21,285.0,0,1,2,5,5692.05,2,1,0,0,0,0,1,0,0
29,225.0,0,0,4,4,10297.56,3,0,1,0,0,0,0,1,0
4,190.0,0,0,2,5,8959.86,2,0,0,1,0,1,0,0,0
4,465.0,1,0,4,0,9609.6,0,1,0,0,0,0,0,0,1
21,305.0,0,0,4,0,15397.2,2,0,1,0,0,1,0,0,0
29,225.0,0,0,0,0,10677.03,0,0,1,0,0,0,0,1,0
15,275.0,1,0,4,0,4919.46,2,0,0,1,0,0,0,0,1
21,245.0,0,0,0,0,7818.72,1,0,0,1,0,1,0,0,0
9,395.0,1,0,4,0,5446.35,1,0,0,1,0,0,1,0,0
15,215.0,1,0,0,2,4654.65,1,0,0,0,1,0,0,1,0
16,555.0,1,0,1,0,4135.95,1,0,0,0,1,1,0,0,0
29,275.0,0,0,0,5,10622.43,0,1,0,0,0,0,1,0,0
29,290.0,0,1,0,0,3300.57,3,0,1,0,0,1,0,0,0
23,435.0,1,0,0,3,2697.24,3,1,0,0,0,0,0,0,1
23,560.0,1,0,1,0,3570.84,0,0,0,1,0,1,0,0,0
29,210.0,0,1,4,0,5935.02,1,1,0,0,0,0,1,0,0
27,230.0,0,1,2,5,889.98,2,0,1,0,0,0,0,1,0
15,275.0,1,0,4,0,4903.08,1,0,0,1,0,0,0,0,1
1,480.0,1,0,0,3,7081.62,0,0,0,1,0,0,1,0,0
23,480.0,1,1,4,0,3344.25,3,0,0,1,0,1,0,0,0
16,510.0,1,0,0,5,3835.65,1,1,0,0,0,0,0,1,0
21,265.0,0,0,4,0,8361.99,1,1,0,0,0,0,1,0,0
24,435.0,1,0,0,2,9085.44,3,0,1,0,0,0,0,1,0
7,195.0,0,1,0,0,1597.05,1,0,0,1,0,0,1,0,0
23,365.0,1,0,2,3,2708.16,2,1,0,0,0,0,0,0,1
29,215.0,0,1,2,5,3237.78,2,0,0,1,0,0,1,0,0
4,545.0,1,0,1,0,5214.3,1,0,0,0,1,0,1,0,0
21,285.0,0,0,4,0,8361.99,3,1,0,0,0,0,1,0,0
15,220.0,1,1,2,5,1193.01,1,0,0,0,1,0,0,1,0
1,540.0,1,0,0,3,6314.49,0,0,0,0,1,0,1,0,0
21,185.0,0,1,2,5,1629.81,2,0,0,1,0,1,0,0,0
29,225.0,0,0,0,0,10289.37,2,0,1,0,0,0,0,1,0
16,410.0,1,0,1,0,3985.8,2,0,0,0,1,1,0,0,0
19,415.0,1,0,0,5,6524.7,1,0,0,0,1,0,1,0,0
15,220.0,1,0,0,2,4635.54,1,0,0,0,1,0,0,1,0
6,300.0,1,0,0,2,2811.9,3,0,1,0,0,0,0,1,0
2,280.0,0,1,0,5,2126.67,1,1,0,0,0,0,1,0,0
12,550.0,1,0,0,3,9511.32,3,1,0,0,0,0,1,0,0
21,300.0,0,1,0,0,5743.92,2,0,1,0,0,1,0,0,0
29,210.0,0,1,0,2,2276.82,0,0,0,1,0,0,1,0,0
19,570.0,2,1,0,3,2511.6,2,0,0,0,1,1,0,0,0
12,400.0,1,0,1,0,7027.02,1,0,1,0,0,0,0,0,1
23,435.0,1,0,0,3,5686.59,3,1,0,0,0,0,0,0,1
12,430.0,1,0,1,0,7769.58,2,0,1,0,0,0,0,0,1
16,480.0,1,0,0,3,4340.7,3,1,0,0,0,0,0,0,1
16,340.0,1,0,0,2,4395.3,3,0,0,1,0,1,0,0,0
16,340.0,1,0,4,0,6426.42,3,0,0,1,0,1,0,0,0
4,185.0,0,1,0,2,1785.42,2,0,0,1,0,1,0,0,0
19,500.0,1,0,0,5,4602.78,3,1,0,0,0,0,0,0,1
4,220.0,0,1,1,4,2429.7,2,0,1,0,0,0,0,1,0
4,185.0,0,1,4,4,2628.99,0,1,0,0,0,0,0,1,0
21,185.0,0,0,4,4,6996.99,3,0,0,1,0,1,0,0,0
6,355.0,1,1,5,3,1870.05,2,0,0,1,0,0,1,0,0
21,190.0,0,1,0,0,2162.16,1,0,0,1,0,1,0,0,0
12,450.0,1,0,2,3,9664.2,2,0,0,0,1,0,1,0,0
19,300.0,1,1,4,0,1635.27,2,0,0,1,0,0,0,0,1
19,555.0,2,0,1,2,6333.6,0,0,0,1,0,0,1,0,0
20,230.0,0,1,3,4,3158.61,1,1,0,0,0,0,1,0,0
4,220.0,0,0,1,4,8927.1,2,0,1,0,0,0,0,1,0
29,290.0,0,0,4,0,13595.4,0,0,1,0,0,1,0,0,0
20,230.0,0,1,0,0,1354.08,0,0,1,0,0,0,0,1,0
0,525.0,1,1,2,1,2983.89,3,0,0,0,1,0,1,0,0
16,400.0,1,1,4,0,1812.72,1,0,0,1,0,1,0,0,0
19,515.0,1,0,1,0,9183.72,3,0,1,0,0,1,0,0,0
16,480.0,1,1,0,3,3914.82,3,1,0,0,0,0,0,0,1
27,225.0,0,1,2,5,963.69,2,0,0,1,0,0,1,0,0
4,185.0,0,0,4,0,8790.6,1,1,0,0,0,0,0,1,0
23,360.0,1,1,4,0,3619.98,1,0,0,0,1,1,0,0,0
19,350.0,1,0,0,5,4594.59,2,0,0,1,0,0,1,0,0
0,270.0,1,0,4,0,8471.19,2,0,0,0,1,0,1,0,0
16,365.0,1,1,4,0,1474.2,3,0,0,1,0,1,0,0,0
11,455.0,1,1,4,0,1405.95,3,0,0,0,1,1,0,0,0
29,220.0,0,0,4,0,10297.56,3,0,1,0,0,0,0,1,0
31,405.0,1,1,4,2,1665.3,3,0,0,1,0,0,1,0,0
18,370.0,1,0,2,5,7100.73,0,0,1,0,0,0,0,1,0
31,295.0,1,1,1,4,1345.89,0,0,0,1,0,0,0,0,1
12,485.0,1,0,0,5,16003.26,2,0,1,0,0,0,0,1,0
6,285.0,1,1,1,4,1143.87,3,0,1,0,0,0,0,0,1
4,185.0,0,0,4,4,8790.6,0,1,0,0,0,0,0,1,0
16,415.0,1,0,0,5,4135.95,1,0,0,0,1,1,0,0,0
15,215.0,1,0,0,2,4635.54,1,0,0,0,1,0,0,1,0
16,290.0,1,0,0,2,3832.92,1,1,0,0,0,0,0,1,0
19,400.0,1,1,2,3,2457.0,2,0,0,0,1,1,0,0,0
27,230.0,0,1,4,4,3445.26,2,0,1,0,0,0,0,1,0
19,255.0,1,1,0,2,1883.7,0,0,0,0,1,0,0,1,0
19,460.0,2,0,4,2,7507.5,0,0,0,0,1,0,1,0,0
23,435.0,1,0,0,3,2874.69,0,1,0,0,0,0,0,0,1
23,360.0,1,1,4,0,3013.92,1,0,0,0,1,1,0,0,0
29,275.0,0,0,2,5,10622.43,3,1,0,0,0,0,1,0,0
19,320.0,1,1,1,0,1550.64,2,0,0,1,0,0,0,0,1
21,185.0,0,1,4,4,2380.56,3,0,0,1,0,1,0,0,0
16,410.0,1,1,1,0,2811.9,1,0,0,0,1,1,0,0,0
27,235.0,0,1,5,5,952.77,3,0,1,0,0,0,0,1,0
28,570.0,1,1,3,0,5924.1,0,1,0,0,0,0,0,0,1
21,290.0,0,0,0,0,19549.53,3,0,1,0,0,1,0,0,0
4,545.0,1,1,4,2,2246.79,1,1,0,0,0,0,0,0,1
21,290.0,0,0,2,5,14927.64,1,0,1,0,0,1,0,0,0
21,190.0,0,1,2,5,1692.6,3,0,0,1,0,1,0,0,0
12,460.0,1,0,1,0,14780.22,0,0,1,0,0,1,0,0,0
4,220.0,0,1,1,4,1883.7,0,0,1,0,0,0,0,1,0
4,380.0,1,0,0,5,5787.6,1,1,0,0,0,0,0,0,1
15,385.0,1,1,4,2,2189.46,1,0,0,1,0,0,1,0,0
17,350.0,1,0,4,0,10622.43,3,0,0,1,0,0,1,0,0
4,345.0,1,1,4,0,2020.2,3,0,0,1,0,1,0,0,0
6,300.0,1,1,0,2,1692.6,3,0,1,0,0,0,0,1,0
7,235.0,0,1,4,0,2290.47,3,0,1,0,0,0,0,1,0
29,220.0,0,0,4,0,10286.64,1,0,1,0,0,0,0,1,0
19,505.0,1,0,2,3,6423.69,1,0,1,0,0,1,0,0,0
29,220.0,0,0,0,2,10677.03,0,0,1,0,0,0,0,1,0
21,190.0,0,1,2,5,1826.37,1,0,0,1,0,1,0,0,0
9,510.0,2,1,4,2,3194.1,0,0,0,1,0,1,0,0,0
4,185.0,0,0,4,4,8790.6,2,1,0,0,0,0,0,1,0
4,195.0,0,1,2,5,3551.73,0,1,0,0,0,0,0,1,0
0,420.0,1,1,0,5,2102.1,0,0,1,0,0,0,0,1,0
17,350.0,1,0,2,5,8162.7,0,0,1,0,0,0,0,1,0
27,230.0,0,1,4,4,1168.44,1,0,1,0,0,0,0,1,0
19,365.0,1,0,4,2,8408.4,1,0,0,0,1,0,1,0,0
29,225.0,0,0,0,0,10286.64,1,0,1,0,0,0,0,1,0
21,190.0,0,0,0,0,6920.55,3,0,0,1,0,1,0,0,0
12,550.0,1,0,0,3,9557.73,3,1,0,0,0,0,1,0,0
15,385.0,1,1,4,0,3038.49,3,0,0,0,1,1,0,0,0
23,570.0,1,1,4,0,1255.8,2,0,0,1,0,1,0,0,0
27,225.0,0,1,4,0,2940.21,2,0,0,1,0,0,1,0,0
28,570.0,1,1,3,0,2642.64,2,1,0,0,0,0,0,0,1
4,375.0,1,1,4,2,3194.1,2,1,0,0,0,0,0,0,1
29,220.0,0,0,4,0,8615.88,1,0,0,1,0,0,1,0,0
4,465.0,1,1,4,0,4870.32,0,1,0,0,0,0,0,0,1
19,500.0,2,0,0,5,6715.8,0,1,0,0,0,0,0,0,1
21,185.0,0,1,2,2,1665.3,0,0,0,1,0,1,0,0,0
19,475.0,1,0,2,3,6115.2,1,0,0,0,1,1,0,0,0
23,385.0,1,0,0,2,2880.15,1,1,0,0,0,0,0,1,0
21,495.0,1,1,0,5,5492.76,2,1,0,0,0,0,1,0,0
4,190.0,0,1,2,5,2301.39,1,0,0,1,0,1,0,0,0
23,470.0,1,1,4,5,971.88,0,1,0,0,0,0,0,1,0
11,405.0,1,1,5,1,909.09,3,0,0,0,1,0,1,0,0
29,350.0,0,1,0,0,3267.81,1,0,1,0,0,1,0,0,0
29,285.0,0,0,2,5,11209.38,1,1,0,0,0,0,1,0,0
29,225.0,0,1,0,2,1130.22,1,0,1,0,0,0,0,1,0
18,345.0,1,1,0,2,2186.73,2,0,1,0,0,0,0,0,1
16,355.0,1,0,0,5,5132.4,3,0,0,0,1,1,0,0,0
7,220.0,0,1,4,4,4755.66,2,0,1,0,0,0,0,1,0
19,365.0,1,0,4,2,6470.1,0,0,0,0,1,0,1,0,0
0,385.0,1,1,0,5,2730.0,2,0,1,0,0,0,0,0,1
21,300.0,0,0,0,0,20103.72,2,0,1,0,0,1,0,0,0
4,185.0,0,0,4,0,8790.6,1,1,0,0,0,0,0,1,0
28,445.0,1,1,3,4,2861.04,1,1,0,0,0,0,1,0,0
9,470.0,1,0,0,5,3467.1,0,0,1,0,0,0,0,1,0
6,330.0,1,0,4,0,3396.12,2,0,0,0,1,0,1,0,0
19,425.0,1,1,3,4,4504.5,0,1,0,0,0,0,0,0,1
21,185.0,0,0,4,4,6879.6,2,0,0,1,0,1,0,0,0
29,220.0,0,1,4,0,3153.15,3,0,0,1,0,0,1,0,0
29,230.0,0,0,0,0,10286.64,1,0,1,0,0,0,0,1,0
23,300.0,1,0,2,5,2951.13,1,1,0,0,0,0,0,1,0
21,265.0,0,0,4,0,8361.99,1,1,0,0,0,0,1,0,0
19,505.0,1,1,2,3,5495.49,0,0,1,0,0,1,0,0,0
27,225.0,0,1,0,2,1307.67,3,0,0,1,0,0,1,0,0
29,285.0,0,0,4,0,16909.62,3,1,0,0,0,0,1,0,0
15,190.0,0,0,0,0,10073.7,3,1,0,0,0,0,0,0,1
16,320.0,1,0,0,2,4586.4,2,0,0,1,0,0,0,0,1
29,220.0,0,1,4,0,1291.29,2,0,1,0,0,0,0,1,0
2,280.0,0,1,0,5,1976.52,2,1,0,0,0,0,1,0,0
21,185.0,0,0,0,0,10335.78,3,0,0,1,0,1,0,0,0
29,545.0,1,0,4,0,11662.56,1,0,0,0,1,1,0,0,0
9,355.0,1,0,4,0,4810.26,3,0,0,0,1,0,0,1,0
22,565.0,1,0,4,2,4537.26,0,0,0,1,0,0,0,0,1
9,485.0,1,0,0,5,4313.4,0,0,1,0,0,0,0,0,1
4,250.0,0,1,2,5,1250.34,1,0,0,1,0,1,0,0,0
4,525.0,1,1,1,2,1774.5,0,0,0,0,1,0,1,0,0
16,460.0,1,0,0,5,4013.1,3,1,0,0,0,0,0,1,0
29,220.0,0,1,1,4,2921.1,0,0,1,0,0,0,0,1,0
23,300.0,1,0,2,5,2959.32,0,1,0,0,0,0,0,1,0
29,225.0,0,0,4,4,10537.8,0,0,1,0,0,0,0,1,0
23,315.0,1,0,4,0,3794.7,0,0,0,1,0,1,0,0,0
16,305.0,1,0,0,2,5779.41,3,1,0,0,0,0,0,1,0
29,220.0,0,1,0,2,1501.5,0,0,1,0,0,0,0,1,0
29,300.0,0,0,0,0,13322.4,1,0,1,0,0,1,0,0,0
19,400.0,1,0,2,3,6060.6,0,0,0,0,1,1,0,0,0
9,430.0,1,0,0,3,5187.0,1,0,0,1,0,0,1,0,0
1,560.0,1,0,0,3,7411.95,2,0,0,1,0,0,1,0,0
29,230.0,0,0,0,0,10281.18,3,0,1,0,0,0,0,1,0
28,485.0,1,0,0,5,5651.1,2,0,0,0,1,0,1,0,0
29,210.0,0,0,2,3,15918.63,3,0,0,1,0,0,1,0,0
4,555.0,1,1,1,0,1801.8,3,0,0,0,1,1,0,0,0
29,225.0,0,1,0,0,2921.1,0,0,1,0,0,0,0,1,0
21,190.0,0,1,0,0,1638.0,0,0,0,1,0,1,0,0,0
19,350.0,1,1,0,5,3619.98,0,0,0,1,0,0,1,0,0
6,355.0,1,0,5,3,3527.16,2,0,0,1,0,0,1,0,0
21,290.0,0,0,4,0,8452.08,3,1,0,0,0,0,1,0,0
24,320.0,1,0,4,4,6112.47,1,0,1,0,0,0,0,0,1
16,290.0,1,0,0,2,3822.0,2,1,0,0,0,0,0,1,0
16,360.0,1,1,0,2,3606.33,1,1,0,0,0,0,0,0,1
15,225.0,1,0,2,5,4635.54,1,0,0,0,1,0,0,1,0
15,205.0,1,0,1,4,4690.14,3,0,0,0,1,0,0,1,0
29,220.0,0,1,4,0,1285.83,1,0,1,0,0,0,0,1,0
23,445.0,1,1,0,2,2877.42,3,1,0,0,0,0,0,1,0
17,465.0,1,1,4,0,1883.7,0,0,0,1,0,0,1,0,0
1,530.0,1,0,0,3,6314.49,0,0,0,0,1,0,1,0,0
2,300.0,0,1,3,3,1504.23,1,0,1,0,0,1,0,0,0
23,470.0,1,0,4,5,4070.43,2,1,0,0,0,0,0,1,0
4,185.0,0,0,0,2,8976.24,3,0,0,1,0,1,0,0,0
19,270.0,1,0,2,5,5951.4,3,0,0,1,0,0,0,0,1
19,425.0,1,0,3,4,6934.2,1,1,0,0,0,0,0,0,1
29,230.0,0,1,5,5,1583.4,3,0,1,0,0,0,0,1,0
29,285.0,0,1,4,0,7559.37,3,1,0,0,0,0,1,0,0
10,485.0,1,0,4,0,4365.27,0,0,0,1,0,0,0,0,1
29,220.0,0,0,0,5,8506.68,1,0,0,1,0,0,1,0,0
29,220.0,0,1,4,0,4231.5,2,0,1,0,0,0,0,1,0
23,360.0,1,0,4,0,4561.83,2,0,0,0,1,1,0,0,0
15,380.0,1,1,0,5,2260.44,3,0,0,1,0,1,0,0,0
21,195.0,0,1,2,5,2025.66,3,0,0,0,1,1,0,0,0
15,435.0,1,1,0,5,2699.97,3,0,0,0,1,1,0,0,0
17,410.0,1,1,4,0,2893.8,0,0,0,1,0,0,1,0,0
16,320.0,1,0,4,0,4007.64,1,1,0,0,0,0,0,1,0
22,460.0,1,0,0,5,4539.99,0,0,0,1,0,0,0,0,1
23,315.0,1,1,4,0,1643.46,1,0,0,1,0,1,0,0,0
16,360.0,1,1,0,2,3589.95,2,1,0,0,0,0,0,0,1
16,330.0,1,0,0,2,4529.07,1,0,0,1,0,0,0,0,1
16,380.0,1,0,4,2,3985.8,1,0,0,0,1,1,0,0,0
29,285.0,0,0,2,5,11201.19,0,1,0,0,0,0,1,0,0
4,565.0,1,1,1,0,5541.9,0,0,0,0,1,1,0,0,0
9,340.0,1,0,0,5,5187.0,3,0,0,1,0,0,0,0,1
16,385.0,1,1,4,2,1665.3,3,0,0,0,1,1,0,0,0
4,225.0,0,1,4,4,2429.7,0,0,1,0,0,0,0,1,0
18,370.0,1,1,2,5,2511.6,0,0,1,0,0,0,0,1,0
21,290.0,0,1,2,5,3467.1,0,0,1,0,0,1,0,0,0
21,185.0,0,1,0,0,3483.48,0,1,0,0,0,0,0,0,1
16,365.0,1,1,0,2,2342.34,3,1,0,0,0,0,0,0,1
16,395.0,1,0,1,0,3985.8,3,0,0,0,1,1,0,0,0
16,430.0,1,1,4,2,3095.82,2,0,0,0,1,1,0,0,0
22,275.0,1,0,4,0,4870.32,2,0,0,0,1,0,0,1,0
2,280.0,0,1,2,3,1777.23,1,1,0,0,0,0,1,0,0
21,190.0,0,1,4,4,1692.6,2,0,0,1,0,1,0,0,0
4,525.0,1,0,0,5,6415.5,3,0,0,0,1,1,0,0,0
15,220.0,1,0,0,2,4676.49,3,0,0,0,1,0,0,1,0
15,285.0,1,0,2,5,4660.11,1,0,0,0,1,0,0,1,0
24,410.0,1,1,4,0,2184.0,0,0,1,0,0,0,0,1,0
21,185.0,0,1,5,5,1523.34,2,0,0,1,0,1,0,0,0
16,335.0,1,1,0,2,1588.86,1,0,0,1,0,1,0,0,0
16,510.0,1,0,0,5,3931.2,0,1,0,0,0,0,0,1,0
10,425.0,1,0,4,2,4368.0,0,0,0,1,0,0,0,0,1
4,475.0,1,1,4,2,3931.2,2,1,0,0,0,0,0,0,1
4,570.0,1,0,0,5,8954.4,0,0,0,0,1,1,0,0,0
9,455.0,1,0,4,0,7261.8,0,0,1,0,0,0,0,1,0
21,190.0,0,1,0,0,1692.6,2,0,0,1,0,1,0,0,0
27,230.0,0,1,2,5,1012.83,1,0,1,0,0,0,0,1,0
26,495.0,1,1,4,2,2001.09,1,0,0,0,1,1,0,0,0
22,405.0,2,0,0,2,11072.88,0,0,0,1,0,0,0,0,1
4,185.0,0,0,4,0,8790.6,2,1,0,0,0,0,0,1,0
19,230.0,1,1,0,2,2241.33,2,0,0,1,0,0,0,0,1
29,230.0,0,1,5,5,1711.71,0,0,1,0,0,0,0,1,0
0,495.0,1,0,4,5,7608.51,3,0,0,0,1,0,1,0,0
6,320.0,1,1,5,3,1012.83,1,0,0,0,1,0,1,0,0
9,515.0,1,0,4,0,4832.1,1,0,1,0,0,0,0,1,0
23,570.0,1,0,4,0,3794.7,0,0,0,1,0,1,0,0,0
29,225.0,0,1,4,4,2956.59,3,0,1,0,0,0,0,1,0
6,330.0,1,1,4,0,1228.5,2,0,0,0,1,0,1,0,0
23,300.0,1,1,2,5,1081.08,2,1,0,0,0,0,0,1,0
29,285.0,0,1,2,5,4204.2,2,1,0,0,0,0,1,0,0
23,315.0,1,0,4,0,4752.93,2,0,0,1,0,1,0,0,0
19,375.0,1,1,4,2,3371.55,2,0,0,1,0,0,1,0,0
6,260.0,1,0,1,4,2320.5,1,0,1,0,0,0,0,0,1
23,300.0,1,0,2,5,2899.26,2,1,0,0,0,0,0,1,0
16,340.0,1,0,4,0,5151.51,2,0,0,1,0,1,0,0,0
4,195.0,0,1,0,2,3224.13,0,1,0,0,0,0,0,1,0
21,185.0,0,0,4,4,6904.17,3,0,0,1,0,1,0,0,0
21,190.0,0,0,0,0,7032.48,3,1,0,0,0,0,0,0,1
4,185.0,0,1,4,4,1580.67,2,0,0,1,0,1,0,0,0
19,415.0,1,0,2,3,4722.9,0,0,0,1,0,1,0,0,0
9,530.0,1,0,0,5,7261.8,0,0,1,0,0,0,0,1,0
29,225.0,0,0,0,2,10294.83,1,0,1,0,0,0,0,1,0
29,215.0,0,0,0,5,10540.53,3,0,0,1,0,0,1,0,0
21,190.0,0,0,2,5,7269.99,1,0,0,1,0,1,0,0,0
29,215.0,0,0,2,5,8506.68,1,0,0,1,0,0,1,0,0
15,435.0,1,1,4,2,3663.66,3,0,0,0,1,1,0,0,0
19,505.0,1,1,2,3,3510.78,1,0,1,0,0,1,0,0,0
4,555.0,1,1,1,0,1883.7,0,0,0,0,1,1,0,0,0
15,220.0,1,1,0,2,1250.34,3,0,0,0,1,0,0,1,0
4,190.0,0,1,2,5,4359.81,2,0,0,1,0,1,0,0,0
7,195.0,0,1,0,0,2102.1,0,0,0,1,0,0,1,0,0
6,330.0,1,0,4,0,3387.93,1,0,0,0,1,0,1,0,0
6,295.0,1,1,4,0,1397.76,0,0,0,1,0,0,1,0,0
10,425.0,1,0,4,2,5784.87,2,0,0,1,0,0,0,0,1
29,220.0,0,0,1,4,10537.8,0,0,1,0,0,0,0,1,0
1,525.0,1,0,2,3,7455.63,2,0,0,1,0,0,1,0,0
20,230.0,0,1,0,0,1272.18,2,0,1,0,0,0,0,1,0
16,410.0,1,0,1,0,3985.8,1,0,0,0,1,1,0,0,0
18,505.0,1,0,4,2,3772.86,3,0,0,1,0,0,1,0,0
16,320.0,1,1,4,0,1446.9,0,0,0,1,0,0,0,0,1
22,425.0,1,0,4,0,7813.26,2,0,0,1,0,0,0,0,1
29,230.0,0,0,0,0,10286.64,2,0,1,0,0,0,0,1,0
28,405.0,1,0,3,4,6049.68,0,1,0,0,0,0,0,1,0
21,285.0,0,1,2,5,5754.84,1,1,0,0,0,0,1,0,0
20,385.0,0,1,5,3,2519.79,1,0,1,0,0,1,0,0,0
6,345.0,1,0,1,4,2795.52,0,0,1,0,0,0,0,1,0
16,400.0,1,1,0,2,1932.84,1,0,0,1,0,1,0,0,0
16,365.0,1,1,4,0,3041.22,3,0,0,1,0,1,0,0,0
19,545.0,1,0,4,2,6470.1,0,0,0,0,1,0,1,0,0
19,570.0,2,1,0,3,3385.2,2,0,0,0,1,1,0,0,0
22,260.0,1,0,0,2,7813.26,2,0,0,1,0,0,0,0,1
24,350.0,1,0,4,0,8075.34,3,0,1,0,0,0,0,1,0
15,255.0,0,0,2,5,9817.08,1,0,0,0,1,1,0,0,0
29,545.0,1,1,4,0,2948.4,1,0,0,0,1,1,0,0,0
19,235.0,1,0,0,2,4933.11,1,0,0,0,1,0,0,1,0
15,195.0,0,0,2,5,9825.27,3,0,0,0,1,1,0,0,0
33,520.0,1,1,4,2,1698.06,1,0,0,0,1,1,0,0,0
6,320.0,1,0,0,2,2323.23,1,0,1,0,0,0,0,0,1
29,210.0,0,1,2,3,3611.79,2,0,0,1,0,0,1,0,0
29,215.0,0,0,0,2,19986.33,3,0,0,1,0,0,1,0,0
17,435.0,1,0,2,5,7753.2,0,0,1,0,0,0,0,0,1
12,545.0,1,0,0,3,15036.84,2,0,0,0,1,0,1,0,0
29,210.0,0,1,2,3,1313.13,3,0,0,1,0,0,1,0,0
6,290.0,1,1,4,0,1266.72,1,0,0,1,0,0,1,0,0
29,225.0,0,1,0,0,1911.0,2,0,1,0,0,0,0,1,0
6,385.0,1,0,4,2,7117.11,3,0,0,1,0,0,1,0,0
19,420.0,1,0,0,5,5077.8,3,0,0,0,1,0,1,0,0
7,235.0,0,1,4,0,1045.59,1,0,1,0,0,0,0,1,0
6,355.0,1,1,5,3,1870.05,2,0,0,1,0,0,1,0,0
21,185.0,0,1,0,0,3049.41,3,0,0,1,0,1,0,0,0
19,505.0,1,1,2,3,4040.4,2,0,1,0,0,1,0,0,0
9,470.0,1,0,4,0,4204.2,3,0,1,0,0,0,0,1,0
16,360.0,1,0,0,2,5053.23,1,1,0,0,0,0,0,0,1
4,185.0,0,0,4,4,11397.75,1,1,0,0,0,0,0,1,0
29,285.0,0,1,2,5,3603.6,0,1,0,0,0,0,1,0,0
29,230.0,0,0,5,5,10537.8,0,0,1,0,0,0,0,1,0
18,370.0,1,0,2,5,7179.9,2,0,1,0,0,0,0,1,0
17,335.0,1,1,4,0,2757.3,0,0,0,1,0,0,1,0,0
6,340.0,1,0,5,1,3396.12,1,0,0,0,1,0,1,0,0
9,550.0,1,0,0,3,5460.0,1,0,0,0,1,0,1,0,0
19,335.0,1,0,0,2,6360.9,1,0,1,0,0,0,0,1,0
21,185.0,0,1,0,0,1455.09,1,1,0,0,0,0,0,0,1
29,220.0,0,0,0,5,8506.68,2,0,0,1,0,0,1,0,0
29,230.0,0,1,4,4,1911.0,2,0,1,0,0,0,0,1,0
4,190.0,0,0,0,0,8959.86,2,0,0,1,0,1,0,0,0
18,370.0,1,0,2,5,7343.7,0,0,1,0,0,0,0,1,0
29,225.0,0,0,4,4,10294.83,1,0,1,0,0,0,0,1,0
29,220.0,0,1,4,0,1430.52,1,0,0,1,0,0,1,0,0
6,300.0,1,0,0,2,4520.88,2,0,0,0,1,0,0,1,0
4,465.0,1,1,4,0,4968.6,0,1,0,0,0,0,0,0,1
29,215.0,0,0,4,0,10513.23,2,0,0,1,0,0,1,0,0
21,200.0,0,1,2,5,1583.4,1,0,0,0,1,1,0,0,0
29,215.0,0,0,0,5,8615.88,1,0,0,1,0,0,1,0,0
4,305.0,1,1,4,0,3199.56,3,0,0,1,0,1,0,0,0
19,515.0,1,1,1,0,4125.03,3,0,1,0,0,1,0,0,0
29,310.0,0,0,2,5,22260.42,3,0,1,0,0,1,0,0,0
19,355.0,1,0,2,5,6251.7,3,0,1,0,0,0,0,0,1
19,500.0,1,0,0,5,4559.1,0,1,0,0,0,0,0,0,1
4,465.0,1,1,4,0,3685.5,2,1,0,0,0,0,0,0,1
6,345.0,1,1,1,4,1482.39,3,0,1,0,0,0,0,1,0
20,205.0,0,1,0,2,3177.72,2,0,0,1,0,0,1,0,0
24,350.0,1,0,4,0,8086.26,2,0,1,0,0,0,0,1,0
22,255.0,1,0,4,0,4873.05,3,0,0,0,1,0,0,1,0
29,215.0,0,1,0,2,1430.52,1,0,0,1,0,0,1,0,0
0,370.0,1,1,5,1,3030.3,0,0,0,0,1,0,1,0,0
21,300.0,0,0,0,0,19549.53,1,0,1,0,0,1,0,0,0
21,185.0,0,1,2,5,1774.5,2,0,0,1,0,1,0,0,0
1,550.0,1,0,0,3,6486.48,3,0,0,0,1,0,1,0,0
29,210.0,0,0,2,3,8681.4,0,0,0,1,0,0,1,0,0
29,225.0,0,1,0,0,3488.94,1,0,1,0,0,0,0,1,0
16,290.0,1,1,0,2,4258.8,2,1,0,0,0,0,0,1,0
15,195.0,0,1,2,5,3169.53,3,0,0,0,1,1,0,0,0
29,225.0,0,0,2,5,10289.37,2,0,1,0,0,0,0,1,0
6,355.0,1,0,5,1,3524.43,1,0,0,1,0,0,1,0,0
21,285.0,0,0,2,5,17452.89,0,1,0,0,0,0,1,0,0
4,390.0,1,1,4,0,2102.1,3,1,0,0,0,0,0,0,1
22,450.0,1,0,1,0,4870.32,2,0,0,0,1,0,0,1,0
16,320.0,1,0,2,3,5214.3,2,1,0,0,0,0,0,0,1
16,520.0,1,0,4,5,4149.6,3,0,0,0,1,1,0,0,0
29,300.0,0,0,0,0,13595.4,0,0,1,0,0,1,0,0,0
4,245.0,0,0,0,2,8998.08,1,0,0,1,0,1,0,0,0
12,570.0,1,0,3,0,9615.06,1,1,0,0,0,0,1,0,0
21,215.0,0,0,2,5,17103.45,1,1,0,0,0,0,1,0,0
6,305.0,1,1,0,2,1302.21,1,0,1,0,0,0,0,1,0
2,300.0,0,1,3,1,1520.61,0,0,1,0,0,1,0,0,0
19,375.0,1,0,1,0,5951.4,3,0,0,1,0,0,0,0,1
6,260.0,1,1,1,4,881.79,2,0,1,0,0,0,0,0,1
4,245.0,0,1,0,0,1250.34,1,0,0,1,0,1,0,0,0
20,210.0,0,1,4,2,3114.93,3,0,0,1,0,0,1,0,0
16,375.0,1,1,1,0,1375.92,1,0,0,1,0,1,0,0,0
19,400.0,1,0,2,3,4641.0,2,0,0,0,1,1,0,0,0
29,230.0,0,1,4,4,1291.29,2,0,1,0,0,0,0,1,0
19,445.0,1,0,4,2,4632.81,1,0,0,1,0,0,1,0,0
19,475.0,2,0,0,5,6934.2,0,0,1,0,0,0,0,0,1
23,470.0,1,0,4,5,2899.26,2,1,0,0,0,0,0,1,0
24,350.0,1,1,4,0,2017.47,3,0,1,0,0,0,0,1,0
29,215.0,0,0,4,0,8615.88,1,0,0,1,0,0,1,0,0
4,375.0,1,0,4,2,7589.4,1,1,0,0,0,0,0,0,1
19,360.0,1,1,1,0,2669.94,2,0,0,1,0,0,1,0,0
6,335.0,1,1,4,0,1228.5,0,0,0,0,1,0,1,0,0
4,565.0,1,1,1,0,2648.1,2,0,0,0,1,1,0,0,0
15,195.0,0,0,2,5,9828.0,3,0,0,0,1,1,0,0,0
23,335.0,1,0,1,4,5858.58,2,0,0,1,0,1,0,0,0
29,225.0,0,0,2,5,10286.64,1,0,1,0,0,0,0,1,0
15,380.0,1,0,0,5,7338.24,3,0,0,1,0,1,0,0,0
15,260.0,1,0,0,5,4930.38,3,0,0,1,0,0,0,0,1
19,570.0,2,0,0,3,6879.6,1,0,0,0,1,1,0,0,0
6,270.0,1,1,4,0,1015.56,2,0,1,0,0,0,0,0,1
4,465.0,1,1,4,0,2246.79,1,1,0,0,0,0,0,0,1
4,185.0,0,0,4,4,8790.6,1,1,0,0,0,0,0,1,0
21,285.0,0,0,4,0,8353.8,3,1,0,0,0,0,1,0,0
19,400.0,1,1,2,3,1829.1,0,0,0,0,1,1,0,0,0
29,220.0,0,0,1,4,10401.3,1,0,1,0,0,0,0,1,0
19,565.0,1,0,1,2,6825.0,3,0,0,1,0,0,1,0,0
17,350.0,1,0,4,0,8042.58,3,0,0,1,0,0,1,0,0
11,420.0,1,1,1,0,1730.82,3,0,0,0,1,1,0,0,0
16,390.0,1,1,0,5,1957.41,1,1,0,0,0,0,0,1,0
16,320.0,1,1,2,3,4313.4,2,1,0,0,0,0,0,0,1
23,390.0,1,0,4,2,2942.94,1,1,0,0,0,0,0,1,0
21,290.0,0,1,0,0,5615.61,3,0,1,0,0,1,0,0,0
15,290.0,1,0,4,0,4927.65,2,0,0,1,0,0,0,0,1
22,275.0,1,0,4,0,6317.22,2,0,0,0,1,0,0,1,0
15,190.0,0,1,0,0,2882.88,3,1,0,0,0,0,0,0,1
17,365.0,1,0,2,5,8162.7,2,0,1,0,0,0,0,1,0
24,360.0,1,0,4,0,6049.68,2,0,1,0,0,0,0,0,1
16,410.0,1,0,1,0,6033.3,2,0,0,0,1,1,0,0,0
16,380.0,1,1,4,0,2457.0,3,1,0,0,0,0,0,1,0
4,185.0,0,0,4,0,8790.6,2,1,0,0,0,0,0,1,0
19,505.0,1,1,2,3,3658.2,0,0,1,0,0,1,0,0,0
19,505.0,1,0,2,3,6390.93,1,0,1,0,0,1,0,0,0
21,195.0,0,0,2,5,7914.269999999999,3,0,0,0,1,1,0,0,0
19,400.0,1,1,2,3,2129.4,2,0,0,0,1,1,0,0,0
9,420.0,1,0,0,5,3794.7,1,0,1,0,0,0,0,1,0
29,220.0,0,0,4,0,10294.83,1,0,1,0,0,0,0,1,0
23,550.0,1,1,4,5,734.37,2,1,0,0,0,0,0,1,0
29,215.0,0,0,0,5,8681.4,0,0,0,1,0,0,1,0,0
19,490.0,2,0,0,5,7507.5,0,0,0,1,0,0,1,0,0
20,230.0,0,1,0,0,687.96,1,0,1,0,0,0,0,1,0
29,230.0,0,1,0,0,1820.91,3,0,1,0,0,0,0,1,0
6,340.0,1,1,5,1,1659.84,1,0,0,0,1,0,1,0,0
21,185.0,0,1,0,0,1504.23,0,0,0,1,0,1,0,0,0
0,400.0,1,0,4,2,9369.36,1,0,0,0,1,0,1,0,0
29,215.0,0,1,4,0,1618.89,3,0,0,1,0,0,1,0,0
21,365.0,1,1,0,2,4108.65,3,1,0,0,0,0,0,0,1
16,410.0,1,0,1,0,3985.8,1,0,0,0,1,1,0,0,0
9,470.0,1,0,4,2,9118.2,3,0,0,0,1,0,1,0,0
29,215.0,0,1,4,0,2274.09,0,0,0,1,0,0,1,0,0
22,250.0,1,0,0,2,4870.32,0,0,0,0,1,0,0,1,0
19,500.0,2,1,0,5,1706.25,3,1,0,0,0,0,0,0,1
12,460.0,1,0,1,0,9022.65,2,0,1,0,0,1,0,0,0
27,230.0,0,1,2,5,952.77,2,0,1,0,0,0,0,1,0
19,310.0,1,1,0,2,2719.08,2,0,0,0,1,0,0,1,0
23,560.0,1,0,1,0,4742.01,3,0,0,1,0,1,0,0,0
23,560.0,1,1,0,5,2260.44,3,1,0,0,0,0,0,1,0
6,285.0,1,1,4,0,1463.28,3,0,0,1,0,0,1,0,0
20,240.0,0,1,4,0,1244.88,3,0,1,0,0,0,0,1,0
29,215.0,0,1,4,0,2074.8,0,0,0,1,0,0,1,0,0
21,185.0,0,1,4,4,1526.07,3,0,0,1,0,1,0,0,0
4,525.0,1,0,1,2,5978.7,0,0,0,0,1,0,1,0,0
21,200.0,0,0,2,5,7914.269999999999,2,0,0,0,1,1,0,0,0
16,355.0,1,1,0,5,2648.1,3,0,0,0,1,1,0,0,0
16,385.0,1,0,0,2,4359.81,2,0,0,1,0,1,0,0,0
13,275.0,1,1,0,5,2432.43,2,0,0,0,1,0,0,1,0
17,560.0,2,1,0,5,3003.0,0,0,0,0,1,1,0,0,0
0,420.0,1,1,0,5,2102.1,2,0,1,0,0,0,0,1,0
23,315.0,1,1,4,0,1864.59,1,0,0,1,0,1,0,0,0
15,210.0,1,0,4,0,4900.35,1,0,0,1,0,0,0,0,1
4,195.0,0,0,4,4,8790.6,3,1,0,0,0,0,0,1,0
17,350.0,1,0,2,5,8099.91,1,0,1,0,0,0,0,1,0
27,225.0,0,1,0,2,1214.85,2,0,0,1,0,0,1,0,0
4,565.0,1,1,1,0,4176.9,1,0,0,0,1,1,0,0,0
19,515.0,2,0,0,5,5432.7,3,0,0,1,0,0,1,0,0
16,500.0,1,0,0,5,3822.0,0,1,0,0,0,0,0,1,0
0,525.0,1,0,2,1,9385.74,3,0,0,0,1,0,1,0,0
9,480.0,1,0,4,0,9200.1,2,0,1,0,0,0,0,0,1
4,525.0,1,1,0,5,2238.6,0,0,0,0,1,1,0,0,0
16,395.0,1,0,0,2,4395.3,1,0,0,1,0,1,0,0,0
15,355.0,1,1,4,0,3983.07,3,0,0,0,1,1,0,0,0
29,220.0,0,0,1,4,10286.64,1,0,1,0,0,0,0,1,0
1,555.0,1,0,1,0,5318.04,2,0,1,0,0,0,0,0,1
4,380.0,1,1,0,5,3658.2,0,1,0,0,0,0,0,0,1
4,190.0,0,1,2,5,1580.67,2,0,0,1,0,1,0,0,0
19,425.0,1,0,3,4,5978.7,2,1,0,0,0,0,0,0,1
18,360.0,1,0,0,2,7149.87,1,0,1,0,0,0,0,1,0
29,220.0,0,1,0,5,1648.92,2,0,0,1,0,0,1,0,0
27,195.0,0,1,2,5,1605.24,3,1,0,0,0,0,0,1,0
21,290.0,0,0,2,5,14927.64,2,0,1,0,0,1,0,0,0
22,250.0,1,1,0,2,1739.01,0,0,0,0,1,0,0,1,0
31,365.0,1,1,0,2,1334.97,2,0,0,0,1,0,0,1,0
21,185.0,0,0,0,0,9009.0,2,1,0,0,0,0,0,0,1
4,190.0,0,0,2,5,9017.19,1,0,0,1,0,1,0,0,0
23,315.0,1,1,4,0,2129.4,2,0,0,1,0,1,0,0,0
4,185.0,0,1,0,2,2252.25,3,0,0,1,0,1,0,0,0
16,315.0,1,1,0,2,1446.9,0,0,0,1,0,0,0,0,1
0,270.0,1,1,4,0,1992.9,2,0,0,0,1,0,1,0,0
22,230.0,1,1,0,2,2353.26,0,0,0,0,1,0,0,1,0
19,375.0,1,0,3,4,7971.6,2,1,0,0,0,0,0,1,0
19,255.0,1,0,0,2,5105.1,0,0,0,0,1,0,0,1,0
21,195.0,0,0,2,5,8037.12,3,0,0,0,1,1,0,0,0
0,485.0,1,0,4,2,8345.61,3,0,1,0,0,0,0,0,1
20,285.0,0,1,3,4,1408.68,3,1,0,0,0,0,1,0,0
9,515.0,1,0,4,2,4632.81,1,0,0,1,0,0,1,0,0
16,360.0,1,0,0,2,5214.3,2,1,0,0,0,0,0,0,1
6,260.0,1,1,1,4,1015.56,0,0,1,0,0,0,0,0,1
19,355.0,1,1,4,2,3330.6,2,0,0,0,1,0,1,0,0
29,210.0,0,1,2,3,2276.82,0,0,0,1,0,0,1,0,0
15,225.0,1,0,2,5,4657.38,1,0,0,0,1,0,0,1,0
9,390.0,1,1,2,5,1665.3,1,0,1,0,0,0,0,1,0
0,470.0,1,1,4,2,1992.9,0,0,1,0,0,0,0,0,1
24,350.0,1,1,4,0,1992.9,3,0,1,0,0,0,0,1,0
16,395.0,1,1,0,5,2459.73,3,1,0,0,0,0,0,1,0
15,410.0,1,1,0,5,4075.89,1,0,0,0,1,1,0,0,0
21,290.0,0,1,2,5,3281.46,1,0,1,0,0,1,0,0,0
19,365.0,1,1,4,2,3630.9,0,0,0,0,1,0,1,0,0
31,265.0,1,1,1,4,2102.1,0,0,0,1,0,0,0,0,1
27,195.0,0,1,4,4,1894.62,2,0,0,1,0,1,0,0,0
15,225.0,1,0,2,5,5050.5,2,0,0,0,1,0,0,1,0
21,185.0,0,0,5,5,6904.17,3,0,0,1,0,1,0,0,0
29,225.0,0,1,4,4,1583.4,3,0,1,0,0,0,0,1,0
23,410.0,1,0,4,0,3794.7,2,0,0,1,0,1,0,0,0
9,485.0,1,0,0,5,5241.6,3,0,1,0,0,0,0,0,1
0,485.0,1,1,4,2,1528.8,0,0,1,0,0,0,0,0,1
31,495.0,1,1,4,2,2323.23,0,0,0,0,1,0,1,0,0
23,360.0,1,0,0,5,2721.81,1,1,0,0,0,0,0,0,1
29,225.0,0,0,0,0,12538.89,1,0,1,0,0,0,0,1,0
9,510.0,1,0,0,5,9254.7,2,0,1,0,0,0,0,1,0
27,230.0,0,1,4,4,1012.83,1,0,1,0,0,0,0,1,0
0,495.0,1,0,4,5,7613.97,1,0,0,0,1,0,1,0,0
4,415.0,1,1,0,2,2082.99,0,0,0,1,0,1,0,0,0
29,215.0,0,1,0,2,1916.46,3,0,0,1,0,0,1,0,0
29,230.0,0,1,0,0,1291.29,2,0,1,0,0,0,0,1,0
4,380.0,1,1,4,2,2648.1,3,1,0,0,0,0,0,0,1
23,550.0,1,1,4,5,797.16,0,1,0,0,0,0,0,1,0
4,570.0,1,1,0,5,2888.34,1,0,0,0,1,1,0,0,0
31,305.0,1,1,0,5,2598.96,2,0,0,0,1,0,0,1,0
29,230.0,0,1,0,0,1116.57,3,0,1,0,0,0,0,1,0
1,470.0,1,0,0,3,7455.63,2,0,0,1,0,0,1,0,0
10,510.0,1,0,4,2,6734.91,0,0,0,1,0,0,0,0,1
28,485.0,1,0,0,5,5593.77,0,0,0,0,1,0,1,0,0
16,305.0,1,1,0,2,2099.37,3,1,0,0,0,0,0,1,0
17,435.0,1,0,2,5,7720.44,1,0,1,0,0,0,0,0,1
0,570.0,1,0,4,5,8533.98,2,0,0,0,1,0,1,0,0
17,515.0,1,1,1,0,1856.4,0,0,0,0,1,0,1,0,0
16,340.0,1,0,4,0,4365.27,2,0,0,1,0,1,0,0,0
4,195.0,0,0,4,4,8790.6,0,1,0,0,0,0,0,1,0
29,300.0,0,0,2,5,20199.27,3,0,1,0,0,1,0,0,0
6,310.0,1,0,1,4,3043.95,0,0,1,0,0,0,0,1,0
29,220.0,0,1,1,4,1820.91,2,0,1,0,0,0,0,1,0
19,500.0,1,1,0,5,3237.78,3,1,0,0,0,0,0,0,1
29,225.0,0,1,4,4,1116.57,3,0,1,0,0,0,0,1,0
19,555.0,2,0,1,2,6333.6,0,0,0,1,0,0,1,0,0
16,305.0,1,0,0,2,3860.22,3,1,0,0,0,0,0,1,0
16,395.0,1,0,1,0,4149.6,3,0,0,0,1,1,0,0,0
4,210.0,0,0,4,2,5520.06,3,0,0,1,0,0,1,0,0
6,360.0,1,0,5,3,3521.7,1,0,0,1,0,0,1,0,0
4,185.0,0,0,4,4,8790.6,2,1,0,0,0,0,0,1,0
9,555.0,1,0,0,5,3385.2,1,0,1,0,0,0,0,1,0
18,505.0,1,0,4,2,3781.05,3,0,0,1,0,0,1,0,0
16,420.0,1,0,0,2,4586.4,2,0,0,1,0,0,0,0,1
22,250.0,1,0,4,0,4542.72,1,0,0,1,0,0,0,0,1
16,395.0,1,0,1,0,3985.8,3,0,0,0,1,1,0,0,0
9,505.0,1,0,0,5,5268.9,3,0,0,0,1,0,1,0,0
20,400.0,1,1,0,5,1045.59,3,0,0,1,0,0,1,0,0
16,335.0,1,0,0,2,4365.27,1,0,0,1,0,1,0,0,0
21,185.0,0,0,4,4,7231.769999999999,1,0,0,1,0,1,0,0,0
4,475.0,1,0,4,2,9609.6,0,1,0,0,0,0,0,0,1
20,240.0,0,1,0,0,920.01,1,0,1,0,0,0,0,1,0
29,225.0,0,1,0,0,1288.56,1,0,1,0,0,0,0,1,0
16,360.0,1,0,0,5,4318.86,3,0,0,0,1,0,0,1,0
29,215.0,0,1,2,5,1902.81,1,0,0,1,0,0,1,0,0
29,285.0,0,0,2,5,11209.38,2,1,0,0,0,0,1,0,0
6,285.0,1,0,0,5,3387.93,1,0,0,0,1,0,1,0,0
21,290.0,0,0,0,0,19549.53,3,0,1,0,0,1,0,0,0
16,395.0,1,0,0,5,3852.03,3,1,0,0,0,0,0,1,0
16,375.0,1,0,1,0,4395.3,0,0,0,1,0,1,0,0,0
19,520.0,1,1,4,5,2140.32,2,0,0,1,0,0,1,0,0
21,290.0,0,0,2,5,15451.8,2,0,1,0,0,1,0,0,0
8,370.0,1,0,4,0,4862.13,0,0,0,0,1,0,0,1,0
16,445.0,1,1,4,2,2402.4,1,0,0,0,1,1,0,0,0
15,255.0,1,0,0,5,4892.16,1,0,0,1,0,0,0,0,1
21,185.0,0,1,4,4,3330.6,2,0,0,1,0,1,0,0,0
24,505.0,1,0,0,5,5711.16,1,0,0,0,1,0,1,0,0
23,390.0,1,0,4,2,2899.26,2,1,0,0,0,0,0,1,0
16,335.0,1,0,0,5,3854.76,1,1,0,0,0,0,0,1,0
6,260.0,1,0,1,4,2492.49,2,0,1,0,0,0,0,0,1
9,510.0,2,0,4,2,9555.0,0,0,0,1,0,1,0,0,0
29,215.0,0,0,2,5,8506.68,1,0,0,1,0,0,1,0,0
19,570.0,2,1,0,3,2156.7,0,0,0,0,1,1,0,0,0
29,215.0,0,1,4,0,1648.92,2,0,0,1,0,0,1,0,0
23,315.0,1,1,4,0,1883.7,2,0,0,1,0,1,0,0,0
21,195.0,0,1,2,5,1591.59,3,0,0,0,1,1,0,0,0
19,475.0,1,1,2,3,3330.6,1,0,0,0,1,1,0,0,0
24,320.0,1,1,4,4,1526.07,1,0,1,0,0,0,0,0,1
17,280.0,1,0,0,2,8039.85,3,0,0,1,0,0,0,0,1
20,555.0,1,1,0,5,3120.39,1,0,0,0,1,1,0,0,0
4,375.0,1,1,4,2,5350.8,1,1,0,0,0,0,0,0,1
18,520.0,1,0,4,0,3931.2,0,0,0,1,0,0,1,0,0
29,210.0,0,0,2,3,8615.88,1,0,0,1,0,0,1,0,0
24,560.0,1,1,0,5,1856.4,2,0,0,0,1,0,1,0,0
16,460.0,1,0,0,5,3854.76,1,1,0,0,0,0,0,1,0
21,275.0,0,0,2,5,17103.45,3,1,0,0,0,0,1,0,0
4,475.0,1,0,4,2,6060.6,1,1,0,0,0,0,0,0,1
19,325.0,1,1,2,5,1894.62,3,0,1,0,0,0,0,1,0
21,190.0,0,1,0,0,2410.59,3,0,0,1,0,1,0,0,0
29,230.0,0,1,4,4,1820.91,3,0,1,0,0,0,0,1,0
19,555.0,2,0,1,2,7507.5,2,0,0,1,0,0,1,0,0
23,470.0,1,0,4,5,2975.7,0,1,0,0,0,0,0,1,0
16,430.0,1,0,4,2,3985.8,2,0,0,0,1,1,0,0,0
0,400.0,1,1,4,2,2959.32,1,0,0,0,1,0,1,0,0
19,350.0,1,1,0,5,1924.65,1,0,0,1,0,0,1,0,0
9,470.0,1,0,4,2,6333.6,3,0,0,0,1,0,1,0,0
29,225.0,0,1,0,0,1580.67,1,0,0,1,0,0,1,0,0
4,190.0,0,1,2,5,3106.74,3,0,0,1,0,1,0,0,0
6,320.0,1,0,1,4,2806.44,1,0,1,0,0,0,0,1,0
29,220.0,0,1,4,0,1572.48,1,0,0,1,0,0,1,0,0
23,365.0,1,1,2,3,1621.62,0,1,0,0,0,0,0,0,1
23,365.0,1,0,2,3,3931.2,2,1,0,0,0,0,0,0,1
16,395.0,1,1,1,0,2173.08,3,0,0,0,1,1,0,0,0
0,470.0,1,0,4,2,9500.4,2,0,1,0,0,0,0,0,1
6,330.0,1,1,4,0,1012.83,1,0,0,0,1,0,1,0,0
19,335.0,1,1,2,3,2074.8,2,0,0,1,0,1,0,0,0
29,210.0,0,1,2,3,1905.54,2,0,0,1,0,0,1,0,0
19,490.0,1,0,1,0,6098.82,3,0,1,0,0,0,0,0,1
22,460.0,1,0,0,5,5954.13,2,0,0,1,0,0,0,0,1
21,245.0,0,0,0,2,7818.72,1,0,0,1,0,1,0,0,0
27,225.0,0,1,0,2,1834.56,3,0,0,1,0,0,1,0,0
21,265.0,0,1,4,0,5069.61,2,1,0,0,0,0,1,0,0
4,185.0,0,0,0,2,9017.19,3,0,0,1,0,1,0,0,0
21,275.0,0,1,2,5,5754.84,3,1,0,0,0,0,1,0,0
20,205.0,0,1,2,5,3177.72,2,0,0,1,0,0,1,0,0
19,390.0,1,0,1,0,4722.9,0,0,0,1,0,1,0,0,0
18,380.0,1,0,2,5,7130.76,3,0,1,0,0,0,0,1,0
9,345.0,1,0,0,5,4204.2,0,0,0,1,0,0,0,0,1
19,490.0,2,0,0,5,6333.6,2,0,0,1,0,0,1,0,0
29,230.0,0,0,0,0,12547.08,3,0,1,0,0,0,0,1,0
29,220.0,0,0,4,0,12896.52,3,0,0,1,0,0,1,0,0
4,185.0,0,0,4,4,8959.86,2,0,0,1,0,1,0,0,0
0,270.0,1,0,4,0,8452.08,1,0,0,0,1,0,1,0,0
28,530.0,1,0,4,5,7917.0,3,0,0,1,0,0,1,0,0
19,500.0,1,1,0,5,1501.5,3,1,0,0,0,0,0,0,1
0,495.0,1,0,4,5,10917.27,3,0,0,0,1,0,1,0,0
4,545.0,1,0,4,2,5460.0,1,1,0,0,0,0,0,0,1
6,385.0,1,1,4,2,1900.08,3,0,0,1,0,0,1,0,0
4,210.0,0,1,0,0,3409.77,1,0,0,1,0,0,1,0,0
17,365.0,1,0,2,5,8159.97,1,0,1,0,0,0,0,1,0
15,280.0,1,0,4,0,5001.36,3,0,0,1,0,0,0,0,1
9,450.0,1,0,4,2,6006.0,2,0,0,1,0,0,1,0,0
23,370.0,1,1,0,5,1796.34,3,1,0,0,0,0,0,1,0
19,420.0,1,0,0,5,8381.1,3,0,0,0,1,0,1,0,0
28,345.0,1,1,3,4,2820.09,1,1,0,0,0,0,1,0,0
21,190.0,0,1,0,0,1482.39,3,1,0,0,0,0,0,0,1
28,525.0,1,0,4,5,6606.6,2,1,0,0,0,0,1,0,0
29,210.0,0,1,2,3,1801.8,0,0,0,1,0,0,1,0,0
19,390.0,1,0,2,5,6076.98,2,0,1,0,0,0,0,0,1
19,400.0,1,1,2,3,2866.5,0,0,0,0,1,1,0,0,0
16,415.0,1,1,0,5,2648.1,1,0,0,0,1,1,0,0,0
20,555.0,1,1,3,4,2574.39,1,1,0,0,0,0,0,0,1
25,210.0,0,1,2,5,971.88,2,0,0,1,0,1,0,0,0
6,355.0,1,1,5,1,1269.45,1,0,0,1,0,0,1,0,0
15,205.0,1,0,4,0,4941.3,3,0,0,1,0,0,0,0,1
4,390.0,1,0,4,0,9604.14,3,1,0,0,0,0,0,0,1
24,305.0,1,1,0,5,2702.7,2,0,0,1,0,0,1,0,0
22,395.0,1,0,4,0,4537.26,0,0,0,1,0,0,0,0,1
19,490.0,1,0,1,0,10619.7,3,0,1,0,0,0,0,0,1
15,355.0,1,1,4,0,3082.17,3,0,0,0,1,1,0,0,0
19,515.0,1,1,1,0,5615.61,0,0,1,0,0,1,0,0,0
20,325.0,0,1,5,3,2394.21,3,0,1,0,0,1,0,0,0
19,420.0,1,0,4,2,4572.75,3,0,0,1,0,0,1,0,0
29,225.0,0,0,0,2,10327.59,3,0,1,0,0,0,0,1,0
9,530.0,1,0,0,5,5077.8,3,0,1,0,0,0,0,1,0
19,375.0,1,0,4,2,5077.8,3,0,0,0,1,0,1,0,0
23,435.0,1,1,0,3,1209.39,0,1,0,0,0,0,0,0,1
29,215.0,0,0,4,0,8681.4,0,0,0,1,0,0,1,0,0
21,300.0,0,0,0,0,19549.53,2,0,1,0,0,1,0,0,0
21,185.0,0,0,0,0,7409.22,2,0,0,1,0,1,0,0,0
21,185.0,0,1,0,2,1463.28,1,0,0,1,0,1,0,0,0
19,360.0,1,0,2,5,6360.9,1,0,1,0,0,0,0,1,0
29,230.0,0,0,5,5,12547.08,3,0,1,0,0,0,0,1,0
21,275.0,0,0,2,5,17592.12,3,1,0,0,0,0,1,0,0
10,425.0,1,0,4,2,6734.91,0,0,0,1,0,0,0,0,1
16,340.0,1,1,4,0,2271.36,1,0,0,1,0,1,0,0,0
29,210.0,0,0,0,2,8681.4,0,0,0,1,0,0,1,0,0
9,420.0,1,0,0,5,4340.7,2,0,1,0,0,0,0,1,0
28,525.0,1,0,4,5,6606.6,2,1,0,0,0,0,1,0,0
6,325.0,1,1,4,0,1012.83,2,0,0,0,1,0,1,0,0
16,360.0,1,1,0,2,3084.9,2,1,0,0,0,0,0,0,1
27,490.0,1,1,4,2,2492.49,3,0,0,0,1,1,0,0,0
29,220.0,0,0,4,0,13486.2,2,0,1,0,0,0,0,1,0
29,225.0,0,1,2,5,2320.5,0,0,1,0,0,0,0,1,0
22,395.0,1,1,4,0,1108.38,0,0,0,1,0,0,0,0,1
16,375.0,1,0,1,0,4395.3,2,0,0,1,0,1,0,0,0
16,390.0,1,0,0,5,3931.2,0,1,0,0,0,0,0,1,0
19,420.0,1,0,0,5,5077.8,3,0,0,0,1,0,1,0,0
9,440.0,1,0,0,3,4586.4,0,0,0,1,0,0,1,0,0
4,545.0,1,0,4,2,9604.14,2,1,0,0,0,0,0,0,1
23,315.0,1,1,4,0,1831.83,2,0,0,1,0,1,0,0,0
16,360.0,1,1,0,2,4313.4,0,1,0,0,0,0,0,0,1
15,220.0,1,0,0,2,4654.65,1,0,0,0,1,0,0,1,0
8,370.0,1,0,4,0,6309.03,0,0,0,0,1,0,0,1,0
22,250.0,1,0,0,2,6317.22,2,0,0,0,1,0,0,1,0
2,280.0,0,1,0,5,1670.76,3,1,0,0,0,0,1,0,0
29,220.0,0,1,0,2,1911.0,2,0,1,0,0,0,0,1,0
15,350.0,1,1,4,0,3090.36,3,0,0,0,1,1,0,0,0
16,425.0,1,0,4,0,4395.3,1,0,0,1,0,1,0,0,0
4,380.0,1,1,4,2,6142.5,0,1,0,0,0,0,0,0,1
23,410.0,1,0,4,0,4752.93,2,0,0,1,0,1,0,0,0
22,445.0,1,0,0,5,4870.32,2,0,0,0,1,0,0,1,0
16,335.0,1,0,0,2,4395.3,2,0,0,1,0,1,0,0,0
21,185.0,0,0,0,0,7772.31,1,0,0,1,0,1,0,0,0
21,185.0,0,0,5,5,7207.2,2,0,0,1,0,1,0,0,0
0,270.0,1,0,4,0,8476.65,2,0,0,0,1,0,1,0,0
4,380.0,1,1,0,5,1938.3,1,1,0,0,0,0,0,0,1
29,210.0,0,0,0,2,10513.23,2,0,0,1,0,0,1,0,0
29,300.0,0,1,0,0,3267.81,1,0,1,0,0,1,0,0,0
29,225.0,0,0,4,4,10278.45,3,0,1,0,0,0,0,1,0
9,505.0,1,0,0,3,6961.5,2,0,0,0,1,0,1,0,0
21,285.0,0,0,2,5,17103.45,1,1,0,0,0,0,1,0,0
4,190.0,0,1,2,5,2113.02,0,0,0,1,0,1,0,0,0
4,220.0,0,1,1,4,4176.9,2,0,1,0,0,0,0,1,0
6,320.0,1,1,1,4,1796.34,1,0,1,0,0,0,0,1,0
16,375.0,1,0,1,0,4370.73,1,0,0,1,0,1,0,0,0
4,185.0,0,1,4,0,1842.75,0,1,0,0,0,0,0,1,0
29,220.0,0,0,0,5,8506.68,1,0,0,1,0,0,1,0,0
23,410.0,1,1,4,0,1365.0,0,0,0,1,0,1,0,0,0
29,210.0,0,1,2,5,1313.13,3,0,0,1,0,0,1,0,0
15,305.0,1,0,0,2,5050.5,2,0,0,0,1,0,0,1,0
4,330.0,1,0,4,0,5460.0,1,1,0,0,0,0,0,0,1
22,250.0,1,0,0,2,8198.19,0,0,0,0,1,0,0,1,0
28,340.0,1,0,3,4,6366.36,1,1,0,0,0,0,0,0,1
27,195.0,0,1,0,0,2290.47,2,0,0,1,0,1,0,0,0
29,230.0,0,1,0,0,1823.64,3,0,1,0,0,0,0,1,0
19,425.0,1,1,3,4,3276.0,2,1,0,0,0,0,0,0,1
29,285.0,0,0,2,5,11209.38,2,1,0,0,0,0,1,0,0
4,195.0,0,1,0,2,1681.68,3,1,0,0,0,0,0,1,0
16,570.0,1,0,0,3,4168.71,1,1,0,0,0,0,0,0,1
0,505.0,1,1,4,5,1758.12,0,0,0,0,1,0,1,0,0
29,220.0,0,1,4,0,2921.1,0,0,1,0,0,0,0,1,0
3,350.0,1,0,4,0,4231.5,0,0,0,0,1,0,0,1,0
17,565.0,2,0,1,0,9991.8,0,0,0,0,1,1,0,0,0
15,450.0,1,1,2,5,2347.8,0,0,1,0,0,0,0,1,0
17,350.0,1,0,2,5,8121.75,3,0,1,0,0,0,0,1,0
16,405.0,1,1,1,0,1471.47,0,0,0,0,1,1,0,0,0
23,385.0,1,1,0,2,1162.98,3,1,0,0,0,0,0,0,1
29,215.0,0,1,0,5,1916.46,3,0,0,1,0,0,1,0,0
9,410.0,1,0,0,2,7234.5,0,0,1,0,0,0,0,1,0
29,215.0,0,0,2,5,10622.43,1,1,0,0,0,0,1,0,0
21,265.0,0,0,4,0,8408.4,0,1,0,0,0,0,1,0,0
4,195.0,0,0,0,2,8790.6,0,1,0,0,0,0,0,1,0
21,185.0,0,0,4,4,7220.85,1,0,0,1,0,1,0,0,0
6,255.0,1,1,4,0,1015.56,1,0,1,0,0,0,0,0,1
21,275.0,0,0,2,5,17103.45,3,1,0,0,0,0,1,0,0
32,310.0,1,1,1,4,1329.51,3,0,0,0,1,1,0,0,0
20,490.0,1,1,0,5,1618.89,3,0,1,0,0,0,0,0,1
6,345.0,1,1,1,4,2503.41,3,0,1,0,0,0,0,1,0
19,370.0,1,1,0,5,1924.65,3,0,0,1,0,0,1,0,0
6,260.0,1,0,1,4,2323.23,2,0,1,0,0,0,0,0,1
28,345.0,1,0,3,4,6431.88,1,1,0,0,0,0,1,0,0
23,360.0,1,1,0,5,1198.47,1,1,0,0,0,0,0,0,1
4,195.0,0,0,2,5,8790.6,0,1,0,0,0,0,0,1,0
19,255.0,1,0,2,5,6606.6,2,0,0,0,1,0,0,1,0
17,405.0,1,1,2,5,1638.0,1,0,1,0,0,0,0,0,1
21,265.0,0,1,4,0,2582.58,1,1,0,0,0,0,1,0,0
29,215.0,0,1,0,2,1801.8,0,0,0,1,0,0,1,0,0
19,375.0,1,0,4,2,10810.8,3,0,0,0,1,0,1,0,0
6,320.0,1,0,5,3,3387.93,1,0,0,0,1,0,1,0,0
4,475.0,1,1,4,2,2246.79,2,1,0,0,0,0,0,0,1
21,480.0,1,1,4,2,2874.69,1,1,0,0,0,0,0,0,1
21,190.0,0,1,2,5,2203.11,3,0,0,1,0,1,0,0,0
4,185.0,0,1,0,0,3106.74,3,0,0,1,0,1,0,0,0
27,195.0,0,1,0,0,1643.46,2,0,0,1,0,1,0,0,0
16,380.0,1,1,4,2,3139.5,1,0,0,0,1,1,0,0,0
21,185.0,0,1,0,0,1638.0,0,0,0,1,0,1,0,0,0
19,335.0,1,0,2,3,6224.4,1,0,0,1,0,1,0,0,0
4,220.0,0,0,1,4,7234.5,1,0,1,0,0,0,0,1,0
3,390.0,1,0,4,2,5490.03,3,0,0,1,0,0,0,0,1
27,195.0,0,1,0,2,854.49,0,0,0,1,0,1,0,0,0
15,220.0,1,0,0,2,4662.84,1,0,0,0,1,0,0,1,0
27,225.0,0,1,2,5,2940.21,2,0,0,1,0,0,1,0,0
29,220.0,0,1,4,0,1801.8,0,0,0,1,0,0,1,0,0
12,460.0,1,1,1,0,4812.99,2,0,1,0,0,1,0,0,0
29,220.0,0,1,1,4,2205.84,2,0,1,0,0,0,0,1,0
15,255.0,1,0,0,5,4897.62,1,0,0,1,0,0,0,0,1
9,530.0,1,0,0,5,5814.9,3,0,1,0,0,0,0,0,1
6,285.0,1,0,4,0,3518.97,3,0,0,1,0,0,1,0,0
4,185.0,0,1,0,2,4226.04,2,0,0,1,0,1,0,0,0
29,210.0,0,0,0,2,8506.68,1,0,0,1,0,0,1,0,0
9,545.0,1,0,0,5,6087.9,3,0,1,0,0,0,0,0,1
27,225.0,0,1,2,5,2538.9,0,0,0,1,0,0,1,0,0
9,565.0,1,0,0,5,7835.1,3,0,1,0,0,0,0,1,0
23,500.0,1,1,0,5,1334.97,1,1,0,0,0,0,0,1,0
16,340.0,1,0,4,0,4395.3,3,0,0,1,0,1,0,0,0
12,460.0,1,1,1,0,5053.23,0,0,1,0,0,1,0,0,0
15,215.0,1,0,0,2,4676.49,3,0,0,0,1,0,0,1,0
6,385.0,1,0,4,2,7117.11,3,0,0,1,0,0,1,0,0
21,185.0,0,1,0,0,2162.16,1,0,0,1,0,1,0,0,0
19,405.0,1,0,0,5,21152.04,0,0,0,1,0,1,0,0,0
9,390.0,1,1,2,5,1719.9,1,0,1,0,0,0,0,1,0
19,500.0,2,1,0,5,3767.4,3,1,0,0,0,0,0,0,1
23,480.0,1,0,4,0,3573.57,0,0,0,1,0,1,0,0,0
28,445.0,1,0,3,4,6606.6,2,1,0,0,0,0,1,0,0
3,475.0,1,0,4,2,4231.5,2,0,0,0,1,0,0,1,0
1,560.0,1,0,0,3,7054.32,0,0,0,1,0,0,1,0,0
21,420.0,1,1,4,2,2648.1,3,1,0,0,0,0,0,0,1
4,570.0,1,1,0,5,3166.8,2,0,0,0,1,1,0,0,0
16,520.0,2,0,4,2,6879.6,3,1,0,0,0,0,0,0,1
12,430.0,1,0,1,0,13226.85,0,0,1,0,0,0,0,0,1
16,365.0,1,0,0,2,5129.67,3,1,0,0,0,0,0,0,1
16,400.0,1,0,4,0,4395.3,1,0,0,1,0,1,0,0,0
20,555.0,1,1,0,5,3259.62,2,0,0,0,1,1,0,0,0
20,230.0,0,1,0,0,1354.08,2,0,1,0,0,0,0,1,0
21,190.0,0,0,2,5,6972.42,2,0,0,1,0,1,0,0,0
16,480.0,1,0,4,2,4340.7,3,1,0,0,0,0,0,0,1
20,205.0,0,1,2,5,1405.95,0,0,0,1,0,0,1,0,0
29,300.0,0,0,0,0,14018.55,2,0,1,0,0,1,0,0,0
16,335.0,1,0,4,0,4362.54,0,0,0,1,0,1,0,0,0
19,400.0,1,0,2,3,6115.2,2,0,0,0,1,1,0,0,0
4,225.0,0,0,4,4,5924.1,1,0,1,0,0,0,0,1,0
23,300.0,1,0,2,5,4078.62,2,1,0,0,0,0,0,1,0
19,255.0,1,0,0,2,5105.1,0,0,0,0,1,0,0,1,0
16,565.0,2,0,4,5,9418.5,3,0,0,0,1,1,0,0,0
2,300.0,0,1,3,1,2869.23,2,0,1,0,0,1,0,0,0
16,360.0,1,1,0,2,4313.4,2,1,0,0,0,0,0,0,1
29,300.0,0,1,0,0,4204.2,2,0,1,0,0,1,0,0,0
9,545.0,1,0,0,5,8517.6,3,0,1,0,0,0,0,0,1
15,490.0,1,1,4,2,1891.89,3,0,0,0,1,1,0,0,0
0,385.0,1,1,0,5,1119.3,1,0,1,0,0,0,0,0,1
21,270.0,0,1,4,0,2568.93,0,1,0,0,0,0,1,0,0
19,365.0,1,0,4,0,5951.4,3,0,0,1,0,0,0,0,1
29,225.0,0,0,0,2,10537.8,0,0,1,0,0,0,0,1,0
19,475.0,2,0,0,5,8763.3,1,0,1,0,0,0,0,0,1
19,415.0,1,0,0,5,5023.2,0,0,0,0,1,0,1,0,0
19,240.0,1,0,0,2,4449.9,2,0,0,1,0,0,0,0,1
20,230.0,0,1,4,0,1272.18,2,0,1,0,0,0,0,1,0
22,445.0,1,0,0,5,8198.19,0,0,0,0,1,0,0,1,0
29,220.0,0,0,4,0,12443.34,3,0,1,0,0,0,0,1,0
16,380.0,1,0,4,2,3985.8,2,0,0,0,1,1,0,0,0
4,190.0,0,1,4,0,3144.96,3,1,0,0,0,0,0,1,0
7,195.0,0,1,0,0,3166.8,0,0,0,1,0,0,1,0,0
17,525.0,1,0,1,0,7616.7,0,0,0,0,1,0,1,0,0
8,285.0,1,0,0,5,5828.55,2,0,0,1,0,0,0,0,1
19,235.0,1,1,0,2,1801.8,2,0,0,0,1,0,0,1,0
29,220.0,0,0,0,2,11056.5,2,0,1,0,0,0,0,1,0
6,310.0,1,1,1,4,1509.69,0,0,1,0,0,0,0,1,0
28,530.0,1,1,4,5,6142.5,0,1,0,0,0,0,1,0,0
12,540.0,1,0,1,0,10600.59,2,0,1,0,0,0,0,0,1
29,220.0,0,1,4,0,1583.4,3,0,1,0,0,0,0,1,0
20,285.0,0,1,3,1,1621.62,1,1,0,0,0,0,1,0,0
21,200.0,0,1,2,5,3985.8,2,0,0,0,1,1,0,0,0
21,185.0,0,1,4,4,1684.41,2,0,0,1,0,1,0,0,0
23,305.0,1,0,0,5,2874.69,1,1,0,0,0,0,0,1,0
16,420.0,1,1,0,3,2110.29,1,1,0,0,0,0,0,0,1
4,185.0,0,1,4,4,1635.27,2,1,0,0,0,0,0,1,0
16,340.0,1,1,0,2,1474.2,3,0,0,1,0,1,0,0,0
19,485.0,1,0,0,5,4673.76,3,1,0,0,0,0,0,1,0
16,360.0,1,0,0,2,4340.7,0,1,0,0,0,0,0,0,1
29,215.0,0,1,2,5,2274.09,0,0,0,1,0,0,1,0,0
21,185.0,0,0,2,5,7753.2,1,0,0,1,0,1,0,0,0
19,415.0,1,1,0,5,1883.7,0,0,0,0,1,0,1,0,0
16,290.0,1,1,0,2,2904.72,1,1,0,0,0,0,0,1,0
19,245.0,1,1,4,0,1635.27,2,0,0,1,0,0,0,0,1
4,390.0,1,0,4,0,7589.4,0,1,0,0,0,0,0,0,1
17,350.0,1,1,4,0,1911.0,0,0,0,1,0,0,1,0,0
9,515.0,1,0,4,2,5378.1,0,0,0,1,0,0,1,0,0
20,310.0,0,1,2,5,2257.71,2,0,1,0,0,1,0,0,0
7,235.0,0,1,0,0,1045.59,1,0,1,0,0,0,0,1,0
29,225.0,0,1,2,5,1911.0,2,0,1,0,0,0,0,1,0
19,365.0,1,0,0,5,5143.32,3,0,0,1,0,0,1,0,0
23,480.0,1,1,4,0,1094.73,0,0,0,1,0,1,0,0,0
1,550.0,1,0,0,3,5473.65,3,0,0,0,1,0,1,0,0
4,565.0,1,0,1,0,6415.5,2,0,0,0,1,1,0,0,0
19,240.0,1,0,1,4,4438.98,3,0,0,1,0,0,0,0,1
7,215.0,0,1,0,0,1233.96,2,0,1,0,0,0,0,1,0
4,210.0,0,0,0,0,7578.48,2,0,0,1,0,0,1,0,0
19,415.0,1,0,0,5,5077.8,1,0,0,0,1,0,1,0,0
9,345.0,1,0,4,2,4504.5,0,0,0,0,1,0,0,1,0
19,415.0,1,0,0,5,6524.7,1,0,0,0,1,0,1,0,0
20,285.0,0,1,3,1,2869.23,0,1,0,0,0,0,1,0,0
20,210.0,0,1,0,5,1790.88,3,0,0,1,0,0,1,0,0
21,190.0,0,0,2,5,7253.61,1,0,0,1,0,1,0,0,0
19,425.0,1,1,3,4,3082.17,1,1,0,0,0,0,0,0,1
29,210.0,0,0,0,2,10728.9,0,0,0,1,0,0,1,0,0
4,380.0,1,0,0,5,7589.4,0,1,0,0,0,0,0,0,1
21,255.0,0,0,2,5,7914.269999999999,1,0,0,0,1,1,0,0,0
28,570.0,1,1,3,0,2642.64,1,1,0,0,0,0,0,0,1
23,335.0,1,1,1,4,1365.0,2,0,0,1,0,1,0,0,0
4,485.0,1,0,4,2,7343.7,0,0,0,0,1,1,0,0,0
29,300.0,0,1,0,0,3256.89,0,0,1,0,0,1,0,0,0
2,395.0,1,1,0,2,1826.37,3,1,0,0,0,0,0,1,0
27,225.0,0,1,0,2,1225.77,1,0,0,1,0,0,1,0,0
6,345.0,1,0,1,4,3035.76,3,0,1,0,0,0,0,1,0
28,375.0,1,0,4,2,6025.11,0,1,0,0,0,0,0,1,0
9,465.0,1,0,4,2,4176.9,0,0,0,1,0,0,0,0,1
28,525.0,1,1,4,5,6279.0,2,1,0,0,0,0,1,0,0
18,520.0,1,0,4,0,3931.2,0,0,0,1,0,0,1,0,0
19,515.0,1,0,1,0,7289.1,3,0,1,0,0,1,0,0,0
29,230.0,0,1,4,4,1547.91,1,0,1,0,0,0,0,1,0
4,190.0,0,0,2,5,8959.86,1,0,0,1,0,1,0,0,0
25,535.0,1,1,1,0,3955.77,2,1,0,0,0,0,0,0,1
28,440.0,1,0,3,4,6429.15,1,1,0,0,0,0,1,0,0
29,210.0,0,0,2,5,10540.53,3,0,0,1,0,0,1,0,0
29,285.0,0,0,2,5,10622.43,1,1,0,0,0,0,1,0,0
23,405.0,1,0,4,2,3677.31,1,1,0,0,0,0,0,0,1
29,220.0,0,0,4,0,11056.5,2,0,1,0,0,0,0,1,0
21,310.0,0,1,2,5,5468.19,3,0,1,0,0,1,0,0,0
19,355.0,1,0,4,2,8408.4,1,0,0,0,1,0,1,0,0
22,275.0,1,0,4,0,4870.32,0,0,0,0,1,0,0,1,0
23,495.0,1,0,4,2,2891.07,3,1,0,0,0,0,0,1,0
0,470.0,1,0,4,2,9333.87,1,0,1,0,0,0,0,0,1
19,315.0,1,0,2,5,6298.11,1,0,1,0,0,0,0,1,0
4,555.0,1,0,4,0,7371.0,1,0,1,0,0,0,0,0,1
14,360.0,1,1,4,0,2476.11,2,0,1,0,0,0,0,0,1
29,350.0,0,0,0,0,13322.4,1,0,1,0,0,1,0,0,0
16,520.0,1,0,0,5,3909.36,3,1,0,0,0,0,0,1,0
16,390.0,1,0,0,5,3824.73,1,1,0,0,0,0,0,1,0
12,570.0,1,0,1,0,6500.13,2,0,1,0,0,0,0,0,1
4,555.0,1,0,1,0,7343.7,3,0,0,0,1,1,0,0,0
29,515.0,1,1,1,0,2948.4,3,0,0,0,1,1,0,0,0
20,240.0,0,1,4,4,783.51,1,0,1,0,0,0,0,1,0
4,195.0,0,0,0,2,8790.6,3,1,0,0,0,0,0,1,0
9,495.0,1,0,0,3,7179.9,0,0,0,0,1,0,1,0,0
19,215.0,1,1,2,5,1536.99,0,0,0,1,0,0,0,0,1
19,415.0,1,0,2,3,10455.9,0,0,0,1,0,1,0,0,0
19,335.0,1,0,0,2,6306.3,2,0,1,0,0,0,0,1,0
21,270.0,0,0,4,0,8411.13,0,1,0,0,0,0,1,0,0
11,305.0,1,1,0,5,2724.54,2,0,0,0,1,0,1,0,0
7,220.0,0,1,4,4,1545.18,2,0,1,0,0,0,0,1,0
7,220.0,0,1,4,4,1984.71,1,0,1,0,0,0,0,1,0
9,510.0,1,0,4,0,8080.8,0,0,1,0,0,0,0,1,0
15,220.0,1,0,2,5,4654.65,1,0,0,0,1,0,0,1,0
27,225.0,0,1,4,0,1225.77,1,0,0,1,0,0,1,0,0
29,275.0,0,1,0,5,3401.58,0,1,0,0,0,0,1,0,0
17,560.0,2,0,0,5,10019.1,2,0,0,0,1,1,0,0,0
9,385.0,1,1,4,2,2184.0,2,0,0,1,0,0,1,0,0
29,210.0,0,0,2,3,8506.68,3,0,0,1,0,0,1,0,0
17,560.0,2,0,0,5,9991.8,0,0,0,0,1,1,0,0,0
28,440.0,1,1,3,4,2470.65,1,1,0,0,0,0,1,0,0
29,215.0,0,1,2,5,1902.81,2,0,0,1,0,0,1,0,0
29,230.0,0,1,0,0,1501.5,0,0,1,0,0,0,0,1,0
4,185.0,0,0,0,2,11799.06,3,0,0,1,0,1,0,0,0
23,300.0,1,1,2,5,1657.11,0,1,0,0,0,0,0,1,0
28,485.0,1,0,0,5,4389.84,2,0,0,0,1,0,1,0,0
29,225.0,0,1,4,4,1130.22,1,0,1,0,0,0,0,1,0
29,220.0,0,1,4,0,1747.2,0,0,1,0,0,0,0,1,0
23,300.0,1,0,2,5,5165.16,1,1,0,0,0,0,0,1,0
19,330.0,1,0,4,0,4477.2,0,0,0,1,0,0,0,0,1
0,400.0,1,0,4,2,8484.84,1,0,0,0,1,0,1,0,0
4,195.0,0,0,2,5,8790.6,3,1,0,0,0,0,0,1,0
22,240.0,1,0,0,2,4873.05,3,0,0,0,1,0,0,1,0
16,330.0,1,0,1,0,4302.48,3,0,0,0,1,0,0,1,0
29,220.0,0,1,4,0,1116.57,3,0,1,0,0,0,0,1,0
16,500.0,1,0,4,0,4488.12,1,0,0,1,0,1,0,0,0
16,390.0,1,0,0,5,3816.54,2,1,0,0,0,0,0,1,0
29,220.0,0,1,4,0,1911.0,2,0,1,0,0,0,0,1,0
27,195.0,0,1,2,5,1408.68,3,1,0,0,0,0,0,1,0
22,250.0,1,0,0,2,4873.05,1,0,0,0,1,0,0,1,0
6,340.0,1,1,1,4,1531.53,3,0,1,0,0,0,0,1,0
0,485.0,1,0,4,2,9246.51,3,0,1,0,0,0,0,0,1
4,190.0,0,1,4,4,3106.74,3,0,0,1,0,1,0,0,0
16,355.0,1,0,0,5,4149.6,3,0,0,0,1,1,0,0,0
22,415.0,2,0,0,5,11419.59,3,0,0,0,1,0,0,1,0
21,265.0,0,0,4,0,10155.6,2,1,0,0,0,0,1,0,0
16,245.0,1,0,0,2,3846.57,1,1,0,0,0,0,0,1,0
29,210.0,0,1,2,5,1801.8,0,0,0,1,0,0,1,0,0
29,215.0,0,0,4,0,8506.68,3,0,0,1,0,0,1,0,0
21,190.0,0,0,0,0,7253.61,1,0,0,1,0,1,0,0,0
16,330.0,1,0,0,5,4368.0,2,0,0,0,1,0,0,1,0
29,290.0,0,0,0,0,13322.4,3,0,1,0,0,1,0,0,0
19,325.0,1,0,2,5,8217.3,3,0,1,0,0,0,0,1,0
21,185.0,0,1,5,5,2402.4,3,0,0,1,0,1,0,0,0
4,545.0,1,0,4,2,7589.4,2,1,0,0,0,0,0,0,1
6,285.0,1,0,1,4,2328.69,3,0,1,0,0,0,0,0,1
20,555.0,1,1,0,5,1900.08,2,0,0,0,1,1,0,0,0
21,245.0,0,1,0,2,1457.82,1,0,0,1,0,1,0,0,0
21,185.0,0,0,4,4,7207.2,2,0,0,1,0,1,0,0,0
4,185.0,0,1,4,0,1703.52,1,1,0,0,0,0,0,1,0
23,405.0,1,0,4,2,3931.2,2,1,0,0,0,0,0,0,1
4,465.0,1,0,4,0,7589.4,2,1,0,0,0,0,0,0,1
18,360.0,1,1,0,2,1763.58,3,0,1,0,0,0,0,1,0
21,200.0,0,1,2,5,3660.93,2,0,0,0,1,1,0,0,0
2,300.0,0,1,3,3,2694.51,2,0,1,0,0,1,0,0,0
15,380.0,1,0,0,5,7330.05,3,0,0,1,0,1,0,0,0
0,455.0,1,0,4,2,8138.13,0,0,1,0,0,0,0,1,0
4,185.0,0,1,0,0,1228.5,0,0,0,1,0,1,0,0,0
15,195.0,0,1,2,5,3835.65,3,0,0,0,1,1,0,0,0
15,280.0,1,0,0,2,4690.14,3,0,0,0,1,0,0,1,0
19,425.0,1,0,3,4,7835.1,0,1,0,0,0,0,0,0,1
6,270.0,1,0,4,0,2325.96,2,0,1,0,0,0,0,0,1
6,290.0,1,0,4,0,3660.93,1,0,0,1,0,0,1,0,0
19,335.0,1,0,2,3,4722.9,0,0,0,1,0,1,0,0,0
16,365.0,1,0,4,0,4348.89,0,0,0,1,0,1,0,0,0
0,455.0,1,0,4,2,8299.2,2,0,1,0,0,0,0,1,0
9,390.0,1,0,2,5,6606.6,2,0,1,0,0,0,0,1,0
29,275.0,0,1,2,5,3297.84,3,1,0,0,0,0,1,0,0
0,420.0,1,0,0,5,8151.78,1,0,1,0,0,0,0,1,0
21,355.0,1,1,4,0,2216.76,1,1,0,0,0,0,0,1,0
23,360.0,1,0,4,0,3652.74,1,0,0,0,1,1,0,0,0
4,190.0,0,1,2,5,1668.03,1,0,0,1,0,1,0,0,0
19,570.0,2,0,0,3,7780.5,2,0,0,0,1,1,0,0,0
9,555.0,1,0,4,0,4914.0,0,0,1,0,0,0,0,1,0
2,305.0,0,1,3,3,2500.68,3,0,1,0,0,1,0,0,0
15,305.0,1,0,0,2,4665.57,1,0,0,0,1,0,0,1,0
29,210.0,0,0,2,3,10513.23,2,0,0,1,0,0,1,0,0
5,495.0,1,0,4,2,2159.43,3,0,0,0,1,0,0,1,0
22,260.0,1,0,0,2,4539.99,0,0,0,1,0,0,0,0,1
19,235.0,1,1,0,2,2364.18,2,0,0,0,1,0,0,1,0
20,430.0,1,1,4,0,1340.43,3,0,1,0,0,0,0,1,0
16,400.0,1,0,0,2,4395.3,1,0,0,1,0,1,0,0,0
6,355.0,1,1,5,1,1162.98,3,0,0,1,0,0,1,0,0
29,215.0,0,0,0,2,8615.88,1,0,0,1,0,0,1,0,0
4,250.0,0,0,2,5,8998.08,1,0,0,1,0,1,0,0,0
8,370.0,1,0,4,0,6309.03,2,0,0,0,1,0,0,1,0
21,190.0,0,0,4,4,7379.19,2,0,0,1,0,1,0,0,0
15,220.0,1,0,2,5,4635.54,1,0,0,0,1,0,0,1,0
29,275.0,0,0,2,5,10622.43,3,1,0,0,0,0,1,0,0
18,345.0,1,0,0,2,7985.25,2,0,1,0,0,0,0,0,1
21,185.0,0,1,4,4,1665.3,2,0,0,1,0,1,0,0,0
4,210.0,0,0,0,0,7624.89,2,0,0,1,0,0,1,0,0
6,295.0,1,0,4,0,3513.51,2,0,0,1,0,0,1,0,0
4,475.0,1,1,4,2,2246.79,1,1,0,0,0,0,0,0,1
21,275.0,0,1,2,5,5754.84,3,1,0,0,0,0,1,0,0
19,340.0,1,1,0,2,2364.18,2,0,0,0,1,0,0,1,0
16,565.0,1,1,4,2,1938.3,3,1,0,0,0,0,0,0,1
15,520.0,1,0,4,5,7403.76,3,0,0,1,0,1,0,0,0
29,220.0,0,1,1,4,1288.56,1,0,1,0,0,0,0,1,0
19,440.0,1,0,4,2,6825.0,3,0,0,1,0,0,1,0,0
23,360.0,1,1,4,0,2839.2,0,0,0,0,1,1,0,0,0
29,220.0,0,0,0,2,10286.64,1,0,1,0,0,0,0,1,0
15,205.0,1,1,4,0,1315.86,3,0,0,1,0,0,0,0,1
15,265.0,1,0,4,0,5001.36,3,0,0,1,0,0,0,0,1
17,515.0,1,0,1,0,7616.7,1,0,0,0,1,0,1,0,0
20,310.0,0,1,2,5,1911.0,0,0,1,0,0,1,0,0,0
15,290.0,1,0,4,0,4911.27,1,0,0,1,0,0,0,0,1
17,365.0,1,0,2,5,8162.7,0,0,1,0,0,0,0,1,0
20,240.0,0,1,4,4,783.51,3,0,1,0,0,0,0,1,0
6,385.0,1,1,4,2,1698.06,3,0,0,1,0,0,1,0,0
4,190.0,0,1,2,5,1225.77,0,0,0,1,0,1,0,0,0
20,205.0,0,1,0,2,1132.95,1,0,0,1,0,0,1,0,0
23,335.0,1,0,1,4,3794.7,2,0,0,1,0,1,0,0,0
16,480.0,1,0,4,2,4395.3,2,0,0,1,0,1,0,0,0
29,215.0,0,1,0,2,1916.46,3,0,0,1,0,0,1,0,0
22,255.0,1,0,4,0,5954.13,0,0,0,1,0,0,0,0,1
19,490.0,2,0,0,5,6333.6,2,0,0,1,0,0,1,0,0
4,380.0,1,0,0,5,9604.14,2,1,0,0,0,0,0,0,1
29,225.0,0,1,0,2,1583.4,3,0,1,0,0,0,0,1,0
12,550.0,1,1,0,3,7089.81,3,1,0,0,0,0,1,0,0
16,480.0,1,1,0,3,2320.5,3,1,0,0,0,0,0,0,1
19,350.0,1,0,4,2,5596.5,0,0,0,1,0,0,1,0,0
21,290.0,0,0,2,5,15036.84,2,0,1,0,0,1,0,0,0
23,370.0,1,0,0,5,2918.37,0,1,0,0,0,0,0,1,0
16,370.0,1,1,0,5,2102.1,3,1,0,0,0,0,0,1,0
23,360.0,1,0,4,0,2839.2,2,0,0,0,1,1,0,0,0
19,500.0,1,1,0,5,2006.55,0,1,0,0,0,0,0,0,1
2,280.0,0,1,0,5,3153.15,0,1,0,0,0,0,1,0,0
19,355.0,1,0,4,2,8353.8,2,0,0,0,1,0,1,0,0
4,195.0,0,1,2,5,3144.96,3,1,0,0,0,0,0,1,0
15,215.0,1,1,0,2,1193.01,1,0,0,0,1,0,0,1,0
16,300.0,1,1,2,5,1747.2,1,1,0,0,0,0,0,1,0
22,395.0,1,0,4,0,10270.26,3,0,0,1,0,0,0,0,1
29,220.0,0,1,0,2,1547.91,1,0,1,0,0,0,0,1,0
21,440.0,1,1,0,5,3276.0,3,1,0,0,0,0,0,0,1
6,325.0,1,1,4,0,1228.5,0,0,0,0,1,0,1,0,0
29,220.0,0,0,4,0,10677.03,0,0,1,0,0,0,0,1,0
21,520.0,1,1,4,2,4496.31,2,1,0,0,0,0,1,0,0
23,390.0,1,1,4,2,1143.87,0,1,0,0,0,0,0,1,0
29,300.0,0,0,0,0,13322.4,2,0,1,0,0,1,0,0,0
28,570.0,1,0,3,0,6388.2,1,1,0,0,0,0,0,0,1
8,370.0,1,0,4,0,8190.0,2,0,0,0,1,0,0,1,0
9,475.0,1,1,4,2,2757.3,2,0,0,1,0,0,1,0,0
0,470.0,1,0,4,2,9333.87,2,0,1,0,0,0,0,0,1
15,220.0,1,1,0,2,1193.01,1,0,0,0,1,0,0,1,0
19,485.0,1,1,0,5,1553.37,3,1,0,0,0,0,0,1,0
21,300.0,0,1,2,5,3688.23,3,0,1,0,0,1,0,0,0
4,185.0,0,0,4,4,8790.6,2,1,0,0,0,0,0,1,0
16,455.0,1,0,1,0,3985.8,1,0,0,0,1,1,0,0,0
21,245.0,0,1,4,4,1403.22,1,0,0,1,0,1,0,0,0
3,350.0,1,0,4,0,4089.54,3,0,0,0,1,0,0,1,0
16,305.0,1,1,0,2,2566.2,3,1,0,0,0,0,0,1,0
6,340.0,1,0,5,1,3382.47,3,0,0,0,1,0,1,0,0
23,365.0,1,0,2,3,3931.2,0,1,0,0,0,0,0,0,1
16,365.0,1,0,4,0,4395.3,3,0,0,1,0,1,0,0,0
21,185.0,0,0,4,4,7354.62,2,0,0,1,0,1,0,0,0
4,210.0,0,0,4,2,5533.71,1,0,0,1,0,0,1,0,0
4,190.0,0,1,4,0,3715.53,0,1,0,0,0,0,0,1,0
21,185.0,0,1,4,4,1610.7,0,0,0,1,0,1,0,0,0
6,335.0,1,0,4,0,3658.2,0,0,0,0,1,0,1,0,0
16,365.0,1,1,4,0,1291.29,0,0,0,1,0,1,0,0,0
6,355.0,1,1,5,3,1266.72,1,0,0,1,0,0,1,0,0
16,410.0,1,1,1,0,1665.3,0,0,0,0,1,1,0,0,0
29,230.0,0,1,0,0,1130.22,1,0,1,0,0,0,0,1,0
9,450.0,1,0,4,2,5288.01,1,0,0,1,0,0,1,0,0
23,410.0,1,0,4,0,3794.7,0,0,0,1,0,1,0,0,0
16,410.0,1,1,1,0,2648.1,1,0,0,0,1,1,0,0,0
29,220.0,0,1,4,0,1130.22,1,0,1,0,0,0,0,1,0
16,340.0,1,0,4,0,4378.92,1,0,0,1,0,1,0,0,0
29,230.0,0,1,5,5,1130.22,1,0,1,0,0,0,0,1,0
23,365.0,1,1,2,3,2047.5,2,1,0,0,0,0,0,0,1
29,210.0,0,1,2,3,1919.19,3,0,0,1,0,0,1,0,0
27,215.0,0,1,4,0,879.06,1,0,0,1,0,0,1,0,0
7,365.0,1,1,0,3,2418.78,3,0,0,1,0,0,1,0,0
20,285.0,0,1,3,1,1613.43,2,1,0,0,0,0,1,0,0
24,350.0,1,1,4,0,1960.14,2,0,1,0,0,0,0,1,0
0,495.0,1,1,4,5,2484.3,3,0,0,0,1,0,1,0,0
27,195.0,0,1,0,2,799.89,1,0,0,1,0,1,0,0,0
19,500.0,2,0,0,5,5378.1,3,1,0,0,0,0,0,0,1
23,385.0,1,0,0,2,3699.15,3,1,0,0,0,0,0,0,1
15,350.0,1,1,4,0,1946.49,3,0,0,0,1,1,0,0,0
16,360.0,1,0,0,2,5214.3,0,1,0,0,0,0,0,0,1
29,230.0,0,0,0,0,10537.8,0,0,1,0,0,0,0,1,0
19,425.0,1,0,3,4,7889.7,2,1,0,0,0,0,0,0,1
27,230.0,0,1,0,2,3445.26,2,0,1,0,0,0,0,1,0
20,430.0,1,1,4,0,1340.43,3,0,1,0,0,0,0,1,0
31,475.0,1,1,4,0,1935.57,3,0,0,0,1,1,0,0,0
15,195.0,0,1,2,5,2863.77,3,0,0,0,1,1,0,0,0
4,220.0,0,0,1,4,5432.7,2,0,1,0,0,0,0,1,0
22,230.0,1,0,0,2,4867.59,0,0,0,0,1,0,0,1,0
15,275.0,1,0,4,0,5296.2,0,0,0,1,0,0,0,0,1
12,460.0,1,0,1,0,9003.539999999999,0,0,1,0,0,1,0,0,0
21,185.0,0,1,2,5,2230.41,1,0,0,1,0,1,0,0,0
24,320.0,1,0,4,4,6666.66,3,0,1,0,0,0,0,0,1
21,195.0,0,1,2,5,2290.47,3,0,0,0,1,1,0,0,0
4,465.0,1,1,4,0,3658.2,2,1,0,0,0,0,0,0,1
23,390.0,1,0,4,2,2956.59,0,1,0,0,0,0,0,1,0
23,370.0,1,1,0,5,745.29,0,1,0,0,0,0,0,1,0
23,300.0,1,1,2,5,748.02,1,1,0,0,0,0,0,1,0
21,245.0,0,0,2,5,7818.72,1,0,0,1,0,1,0,0,0
29,290.0,0,0,4,0,16909.62,3,1,0,0,0,0,1,0,0
29,300.0,0,1,2,5,8271.9,3,0,1,0,0,1,0,0,0
20,325.0,0,1,5,3,1400.49,3,0,1,0,0,1,0,0,0
2,280.0,0,1,0,5,1779.96,1,1,0,0,0,0,1,0,0
19,335.0,1,1,2,3,2358.72,1,0,0,1,0,1,0,0,0
31,260.0,1,1,0,2,1908.27,0,0,0,1,0,0,0,0,1
21,185.0,0,0,0,0,7062.51,2,1,0,0,0,0,0,0,1
29,210.0,0,1,0,2,1580.67,1,0,0,1,0,0,1,0,0
15,275.0,1,1,4,0,1594.32,2,0,0,1,0,0,0,0,1
21,350.0,0,0,2,5,14927.64,1,0,1,0,0,1,0,0,0
4,545.0,1,1,4,2,3248.7,2,1,0,0,0,0,0,0,1
6,295.0,1,0,4,0,3658.2,0,0,0,1,0,0,1,0,0
12,515.0,1,0,0,3,9994.53,1,1,0,0,0,0,1,0,0
15,415.0,1,1,4,0,2844.66,1,0,0,0,1,1,0,0,0
29,215.0,0,1,4,0,1580.67,1,0,0,1,0,0,1,0,0
4,375.0,1,1,4,2,4201.47,0,1,0,0,0,0,0,0,1
15,330.0,1,0,4,0,5296.2,0,0,0,1,0,0,0,0,1
23,315.0,1,0,4,0,3794.7,2,0,0,1,0,1,0,0,0
20,230.0,0,1,0,0,4862.13,2,0,1,0,0,0,0,1,0
29,210.0,0,1,0,2,3237.78,2,0,0,1,0,0,1,0,0
21,390.0,1,1,0,2,2585.31,3,1,0,0,0,0,0,0,1
15,380.0,1,0,0,5,7384.65,3,0,0,1,0,1,0,0,0
29,220.0,0,1,4,0,1471.47,0,0,1,0,0,0,0,1,0
6,260.0,1,0,1,4,2492.49,0,0,1,0,0,0,0,0,1
15,270.0,1,0,4,0,4919.46,2,0,0,1,0,0,0,0,1
6,345.0,1,0,1,4,2811.9,3,0,1,0,0,0,0,1,0
1,570.0,1,0,1,0,5615.61,0,0,1,0,0,0,0,0,1
16,410.0,1,0,1,0,3985.8,0,0,0,0,1,1,0,0,0
29,285.0,0,1,2,5,3843.84,1,1,0,0,0,0,1,0,0
4,465.0,1,1,4,0,6279.0,2,1,0,0,0,0,0,0,1
20,205.0,0,1,0,2,1706.25,2,0,0,1,0,0,1,0,0
22,255.0,1,1,4,0,1736.28,0,0,0,0,1,0,0,1,0
29,230.0,0,1,5,5,1116.57,3,0,1,0,0,0,0,1,0
29,310.0,0,1,2,5,10914.54,3,0,1,0,0,1,0,0,0
16,330.0,1,0,0,5,4368.0,0,0,0,0,1,0,0,1,0
1,540.0,1,0,0,3,6137.04,2,0,0,0,1,0,1,0,0
4,210.0,0,0,4,2,12574.38,3,0,0,1,0,0,1,0,0
7,210.0,0,1,2,5,1086.54,3,0,0,1,0,0,1,0,0
21,190.0,0,0,2,5,7010.64,0,0,0,1,0,1,0,0,0
3,345.0,1,0,4,0,5244.33,2,0,0,0,1,0,0,1,0
21,285.0,0,1,4,0,2568.93,3,1,0,0,0,0,1,0,0
6,325.0,1,0,4,0,3658.2,0,0,0,0,1,0,1,0,0
28,445.0,1,1,3,4,2863.77,2,1,0,0,0,0,1,0,0
29,275.0,0,1,2,5,3289.65,3,1,0,0,0,0,1,0,0
9,455.0,1,0,0,3,5211.57,1,0,0,1,0,0,1,0,0
7,195.0,0,1,0,0,1594.32,1,0,0,1,0,0,1,0,0
21,185.0,0,0,2,5,7447.44,3,0,0,1,0,1,0,0,0
16,305.0,1,0,0,2,4152.33,1,1,0,0,0,0,0,0,1
12,400.0,1,0,1,0,7016.1,1,0,1,0,0,0,0,0,1
19,515.0,1,1,1,0,4739.28,3,0,1,0,0,1,0,0,0
21,190.0,0,1,0,0,1561.56,0,1,0,0,0,0,0,0,1
20,310.0,0,1,2,5,1594.32,2,0,1,0,0,1,0,0,0
29,220.0,0,1,4,0,1837.29,1,0,0,1,0,0,1,0,0
29,230.0,0,1,0,0,2921.1,0,0,1,0,0,0,0,1,0
29,225.0,0,1,0,0,2320.5,0,0,1,0,0,0,0,1,0
4,185.0,0,1,0,2,1228.5,0,0,0,1,0,1,0,0,0
20,230.0,0,1,4,0,1654.38,2,0,1,0,0,0,0,1,0
28,340.0,1,1,3,4,2577.12,1,1,0,0,0,0,0,0,1
21,185.0,0,0,5,5,7354.62,2,0,0,1,0,1,0,0,0
21,185.0,0,1,0,0,1692.6,2,0,0,1,0,1,0,0,0
17,515.0,1,0,1,0,7616.7,2,0,0,0,1,0,1,0,0
16,290.0,1,0,0,2,3931.2,0,1,0,0,0,0,0,1,0
10,425.0,1,0,4,2,4368.0,2,0,0,1,0,0,0,0,1
25,210.0,0,1,4,4,977.34,3,1,0,0,0,0,0,1,0
7,220.0,0,1,4,4,4045.86,0,0,1,0,0,0,0,1,0
21,185.0,0,1,0,0,1695.33,3,0,0,1,0,1,0,0,0
21,190.0,0,0,0,0,7234.5,2,0,0,1,0,1,0,0,0
4,185.0,0,1,0,2,3024.84,1,0,0,1,0,1,0,0,0
15,385.0,1,1,4,0,2487.03,3,0,0,0,1,1,0,0,0
6,300.0,1,0,0,2,2328.69,2,0,1,0,0,0,0,0,1
15,225.0,1,0,4,0,4924.92,3,0,0,1,0,0,0,0,1
21,185.0,0,1,2,5,2492.49,3,0,0,1,0,1,0,0,0
6,300.0,1,1,0,2,1998.36,2,0,1,0,0,0,0,1,0
19,335.0,1,1,0,2,2066.61,1,0,1,0,0,0,0,1,0
20,555.0,1,1,0,5,3259.62,2,0,0,0,1,1,0,0,0
27,445.0,1,1,4,2,1594.32,3,0,0,1,0,0,1,0,0
21,190.0,0,1,2,5,1504.23,0,0,0,1,0,1,0,0,0
22,260.0,1,0,0,2,5956.86,1,0,0,1,0,0,0,0,1
17,405.0,1,0,2,5,7753.2,2,0,1,0,0,0,0,0,1
21,200.0,0,1,2,5,1747.2,0,0,0,0,1,1,0,0,0
4,195.0,0,1,0,2,3144.96,3,1,0,0,0,0,0,1,0
22,260.0,1,0,0,2,5020.47,2,0,0,1,0,0,0,0,1
10,390.0,1,0,4,0,4365.27,0,0,0,1,0,0,0,0,1
19,325.0,1,0,2,5,4886.7,3,0,1,0,0,0,0,1,0
24,350.0,1,0,4,0,8094.45,1,0,1,0,0,0,0,1,0
23,315.0,1,0,4,0,4742.01,2,0,0,1,0,1,0,0,0
19,570.0,2,1,0,3,5268.9,0,0,0,0,1,1,0,0,0
23,300.0,1,0,2,5,2937.48,2,1,0,0,0,0,0,1,0
17,405.0,1,0,2,5,7753.2,0,0,1,0,0,0,0,0,1
21,185.0,0,0,0,2,7231.769999999999,1,0,0,1,0,1,0,0,0
1,525.0,1,0,2,3,7081.62,0,0,0,1,0,0,1,0,0
23,405.0,1,1,4,2,2669.94,2,1,0,0,0,0,0,0,1
29,230.0,0,0,0,0,10327.59,3,0,1,0,0,0,0,1,0
20,240.0,0,1,4,4,1408.68,3,0,1,0,0,0,0,1,0
19,215.0,1,0,2,5,4531.8,1,0,0,1,0,0,0,0,1
29,210.0,0,0,2,3,12948.39,2,0,0,1,0,0,1,0,0
22,250.0,1,0,0,2,6322.68,2,0,0,0,1,0,0,1,0
20,205.0,0,1,0,2,4043.13,0,0,0,1,0,0,1,0,0
22,460.0,1,0,0,5,4539.99,2,0,0,1,0,0,0,0,1
6,300.0,1,0,0,2,3043.95,2,0,1,0,0,0,0,1,0
9,545.0,1,0,0,5,8108.1,0,0,1,0,0,0,0,0,1
1,525.0,1,0,2,3,7081.62,0,0,0,1,0,0,1,0,0
29,300.0,0,0,0,0,13322.4,1,0,1,0,0,1,0,0,0
21,185.0,0,1,0,0,2784.6,2,1,0,0,0,0,0,0,1
21,300.0,0,0,0,0,19549.53,1,0,1,0,0,1,0,0,0
0,485.0,1,0,4,2,9161.88,3,0,1,0,0,0,0,0,1
29,210.0,0,0,2,5,8681.4,0,0,0,1,0,0,1,0,0
12,545.0,1,0,3,0,8301.93,1,1,0,0,0,0,1,0,0
4,195.0,0,0,2,5,8790.6,3,1,0,0,0,0,0,1,0
23,405.0,1,0,4,2,2710.89,2,1,0,0,0,0,0,0,1
5,410.0,1,0,4,0,1779.96,2,0,0,0,1,0,0,1,0
20,205.0,0,1,2,5,1135.68,2,0,0,1,0,0,1,0,0
0,415.0,1,1,4,5,1850.94,3,0,0,1,0,0,1,0,0
12,460.0,1,1,1,0,6008.73,2,0,1,0,0,1,0,0,0
19,355.0,1,0,4,2,8408.4,1,0,0,0,1,0,1,0,0
24,560.0,1,0,0,5,6172.53,1,0,0,0,1,0,1,0,0
16,495.0,1,0,1,0,4149.6,3,0,0,0,1,1,0,0,0
4,380.0,1,0,0,5,6060.6,2,1,0,0,0,0,0,0,1
17,525.0,1,1,1,0,1665.3,0,0,0,0,1,0,1,0,0
31,285.0,1,1,4,0,1487.85,0,0,0,1,0,0,0,0,1
19,440.0,1,0,4,2,5446.35,3,0,0,1,0,0,1,0,0
29,220.0,0,1,4,0,1586.13,3,0,1,0,0,0,0,1,0
21,190.0,0,0,4,4,7234.5,2,0,0,1,0,1,0,0,0
31,465.0,2,1,4,2,4054.05,2,0,0,0,1,1,0,0,0
9,535.0,1,0,4,0,6197.1,2,0,1,0,0,0,0,0,1
29,285.0,0,0,4,0,16909.62,3,1,0,0,0,0,1,0,0
4,185.0,0,1,4,0,4015.83,1,1,0,0,0,0,0,1,0
18,360.0,1,0,0,2,7163.52,3,0,1,0,0,0,0,1,0
6,265.0,1,1,4,0,1010.1,3,0,0,0,1,0,1,0,0
16,465.0,1,0,4,2,4013.1,3,1,0,0,0,0,0,1,0
4,245.0,0,1,0,2,1250.34,1,0,0,1,0,1,0,0,0
25,415.0,1,1,4,0,2282.28,1,1,0,0,0,0,0,0,1
22,250.0,1,0,0,2,4870.32,2,0,0,0,1,0,0,1,0
19,545.0,1,0,1,2,4572.75,3,0,0,1,0,0,1,0,0
19,425.0,1,0,3,4,7889.7,1,1,0,0,0,0,0,0,1
17,540.0,2,0,0,5,9991.8,3,0,0,0,1,1,0,0,0
9,515.0,1,1,4,2,2156.7,0,0,0,1,0,0,1,0,0
16,425.0,1,1,4,0,1416.87,1,0,0,1,0,1,0,0,0
21,185.0,0,0,4,4,6977.88,0,0,0,1,0,1,0,0,0
19,490.0,2,0,0,5,5350.8,0,0,0,1,0,0,1,0,0
16,465.0,1,1,4,2,1763.58,3,1,0,0,0,0,0,1,0
2,280.0,0,1,0,5,2317.77,0,1,0,0,0,0,1,0,0
29,230.0,0,0,4,4,12536.16,1,0,1,0,0,0,0,1,0
15,480.0,1,1,5,1,1848.21,3,0,0,0,1,1,0,0,0
19,560.0,1,0,4,5,4572.75,3,0,0,1,0,0,1,0,0
4,195.0,0,1,0,2,2178.54,3,1,0,0,0,0,0,1,0
19,555.0,1,0,4,5,6825.0,3,0,0,1,0,0,1,0,0
15,270.0,1,0,4,0,5296.2,0,0,0,1,0,0,0,0,1
27,195.0,0,1,0,2,1736.28,3,0,0,1,0,1,0,0,0
29,300.0,0,1,0,0,4043.13,0,0,1,0,0,1,0,0,0
29,215.0,0,0,4,0,12896.52,3,0,0,1,0,0,1,0,0
21,210.0,0,1,4,0,2566.2,1,1,0,0,0,0,1,0,0
0,370.0,1,1,5,1,3030.3,2,0,0,0,1,0,1,0,0
11,325.0,1,1,0,5,2680.86,1,0,0,0,1,0,1,0,0
6,320.0,1,1,5,3,1228.5,2,0,0,0,1,0,1,0,0
16,365.0,1,0,4,2,4253.34,2,0,0,0,1,0,0,1,0
24,515.0,1,1,0,5,1856.4,2,0,0,0,1,0,1,0,0
9,565.0,1,0,0,5,4613.7,3,0,1,0,0,0,0,1,0
19,245.0,1,0,4,0,4613.7,1,0,0,1,0,0,0,0,1
29,225.0,0,1,0,0,1556.1,2,0,1,0,0,0,0,1,0
21,245.0,0,1,2,5,1512.42,1,0,0,1,0,1,0,0,0
9,490.0,1,0,4,0,7234.5,2,0,1,0,0,0,0,1,0
9,450.0,1,1,4,2,3057.6,0,0,0,1,0,0,1,0,0
21,190.0,0,1,2,5,3054.87,3,0,0,1,0,1,0,0,0
29,225.0,0,1,2,5,1288.56,1,0,1,0,0,0,0,1,0
17,405.0,1,0,2,5,7734.09,1,0,1,0,0,0,0,0,1
29,515.0,1,1,1,0,2948.4,3,0,0,0,1,1,0,0,0
23,325.0,1,1,0,2,1575.21,1,1,0,0,0,0,0,0,1
29,210.0,0,1,0,2,1572.48,1,0,0,1,0,0,1,0,0
15,520.0,1,0,4,5,7357.35,3,0,0,1,0,1,0,0,0
29,285.0,0,1,4,0,5861.31,3,1,0,0,0,0,1,0,0
4,545.0,1,0,4,2,9609.6,0,1,0,0,0,0,0,0,1
23,435.0,1,1,0,3,1804.53,3,1,0,0,0,0,0,0,1
21,300.0,0,0,2,5,14927.64,3,0,1,0,0,1,0,0,0
29,290.0,0,1,4,0,6019.65,3,1,0,0,0,0,1,0,0
19,365.0,1,0,0,2,7753.2,0,0,0,1,0,0,0,0,1
2,280.0,0,1,2,3,3245.97,2,1,0,0,0,0,1,0,0
22,250.0,1,0,4,0,4537.26,0,0,0,1,0,0,0,0,1
12,460.0,1,0,1,0,9806.16,2,0,1,0,0,1,0,0,0
18,380.0,1,1,2,5,1763.58,3,0,1,0,0,0,0,1,0
29,215.0,0,0,4,0,8506.68,2,0,0,1,0,0,1,0,0
4,195.0,0,0,4,4,8790.6,3,1,0,0,0,0,0,1,0
21,185.0,0,1,0,0,1457.82,1,1,0,0,0,0,0,0,1
16,405.0,1,0,2,3,4586.4,2,0,0,1,0,0,0,0,1
1,555.0,1,0,1,0,5506.41,0,0,1,0,0,0,0,0,1
4,210.0,0,0,0,0,7624.89,2,0,0,1,0,0,1,0,0
4,185.0,0,1,0,0,4245.15,3,0,0,1,0,1,0,0,0
21,185.0,0,1,4,4,1476.93,0,0,0,1,0,1,0,0,0
24,530.0,1,0,0,5,6167.07,1,0,0,0,1,0,1,0,0
0,455.0,1,0,4,2,8146.32,2,0,1,0,0,0,0,1,0
29,225.0,0,1,0,2,1586.13,3,0,1,0,0,0,0,1,0
21,200.0,0,1,2,5,1747.2,2,0,0,0,1,1,0,0,0
0,385.0,1,1,0,5,1992.9,2,0,1,0,0,0,0,0,1
16,565.0,1,0,4,2,4387.11,3,1,0,0,0,0,0,0,1
16,340.0,1,0,4,0,4365.27,1,0,0,1,0,1,0,0,0
4,185.0,0,1,0,2,3718.26,2,0,0,1,0,1,0,0,0
19,240.0,1,0,4,0,6033.3,3,0,0,1,0,0,0,0,1
4,190.0,0,0,4,0,11397.75,3,1,0,0,0,0,0,1,0
29,225.0,0,0,0,2,10278.45,3,0,1,0,0,0,0,1,0
22,255.0,1,0,4,0,13183.17,3,0,0,0,1,0,0,1,0
2,300.0,0,1,3,3,2009.28,0,0,1,0,0,1,0,0,0
4,185.0,0,1,4,0,1408.68,2,1,0,0,0,0,0,1,0
19,355.0,1,0,1,4,6360.9,3,0,1,0,0,0,0,1,0
6,310.0,1,0,1,4,2811.9,2,0,1,0,0,0,0,1,0
21,185.0,0,1,0,0,1457.82,2,1,0,0,0,0,0,0,1
15,190.0,0,1,0,0,2568.93,3,1,0,0,0,0,0,0,1
24,315.0,1,1,0,5,3093.09,3,0,0,1,0,0,1,0,0
21,185.0,0,0,4,4,6887.79,3,0,0,1,0,1,0,0,0
31,360.0,1,1,2,5,838.11,0,0,0,1,0,0,0,0,1
23,435.0,1,0,4,2,2699.97,3,1,0,0,0,0,0,0,1
29,225.0,0,1,2,5,2921.1,0,0,1,0,0,0,0,1,0
21,185.0,0,0,0,0,7753.2,1,0,0,1,0,1,0,0,0
19,545.0,1,0,4,2,5077.8,3,0,0,0,1,0,1,0,0
6,345.0,1,1,1,4,1509.69,0,0,1,0,0,0,0,1,0
17,405.0,1,1,2,5,2457.0,2,0,1,0,0,0,0,0,1
16,420.0,1,0,0,3,4310.67,1,1,0,0,0,0,0,0,1
20,240.0,0,1,0,0,1823.64,3,0,1,0,0,0,0,1,0
21,300.0,0,1,0,0,5621.07,0,0,1,0,0,1,0,0,0
1,530.0,1,0,0,3,6139.77,2,0,0,0,1,0,1,0,0
33,470.0,1,1,0,5,2527.98,3,0,0,0,1,1,0,0,0
22,250.0,1,0,4,0,10270.26,3,0,0,1,0,0,0,0,1
4,185.0,0,0,4,4,9017.19,1,0,0,1,0,1,0,0,0
21,200.0,0,0,2,5,8271.9,2,0,0,0,1,1,0,0,0
4,345.0,1,1,4,0,2366.91,1,0,0,1,0,1,0,0,0
22,325.0,2,0,4,0,14291.55,2,0,0,1,0,0,0,0,1
21,185.0,0,0,2,5,7772.31,1,0,0,1,0,1,0,0,0
9,440.0,1,1,0,3,1938.3,0,0,0,1,0,0,1,0,0
29,210.0,0,1,0,2,2074.8,0,0,0,1,0,0,1,0,0
0,385.0,1,0,0,5,9909.9,0,0,1,0,0,0,0,0,1
9,350.0,1,0,0,2,4422.6,0,0,0,0,1,0,0,1,0
29,215.0,0,0,0,2,8506.68,3,0,0,1,0,0,1,0,0
29,215.0,0,0,0,2,10540.53,3,0,0,1,0,0,1,0,0
29,220.0,0,1,4,0,2274.09,0,0,0,1,0,0,1,0,0
21,185.0,0,1,2,5,1577.94,0,0,0,1,0,1,0,0,0
18,370.0,1,0,2,5,7130.76,1,0,1,0,0,0,0,1,0
0,485.0,1,0,4,2,8517.6,0,0,1,0,0,0,0,0,1
16,510.0,1,0,0,5,3841.11,2,1,0,0,0,0,0,1,0
0,270.0,1,1,4,0,2484.3,1,0,0,0,1,0,1,0,0
4,185.0,0,1,4,4,3772.86,2,0,0,1,0,1,0,0,0
16,320.0,1,1,2,3,1132.95,1,1,0,0,0,0,0,0,1
21,200.0,0,0,2,5,7914.269999999999,1,0,0,0,1,1,0,0,0
12,400.0,1,0,1,0,15230.67,2,0,1,0,0,0,0,0,1
8,485.0,1,0,4,2,6309.03,2,0,0,0,1,0,0,1,0
29,230.0,0,1,0,0,1288.56,1,0,1,0,0,0,0,1,0
10,510.0,1,0,4,2,5784.87,2,0,0,1,0,0,0,0,1
19,505.0,1,0,2,3,7294.56,2,0,1,0,0,1,0,0,0
21,250.0,0,1,2,5,1433.25,1,0,0,1,0,1,0,0,0
8,485.0,1,0,4,2,4862.13,0,0,0,0,1,0,0,1,0
21,190.0,0,0,0,0,7095.27,3,1,0,0,0,0,0,0,1
4,185.0,0,1,4,0,4995.9,2,1,0,0,0,0,0,1,0
2,300.0,0,1,3,1,1517.88,2,0,1,0,0,1,0,0,0
2,530.0,1,1,4,2,2263.17,3,1,0,0,0,0,1,0,0
18,360.0,1,0,0,2,7343.7,2,0,1,0,0,0,0,1,0
16,480.0,1,0,0,3,4340.7,3,1,0,0,0,0,0,0,1
16,340.0,1,0,4,0,4395.3,0,0,0,1,0,1,0,0,0
6,560.0,1,0,4,5,3660.93,1,0,0,1,0,0,1,0,0
23,300.0,1,0,2,5,4149.6,0,1,0,0,0,0,0,1,0
21,195.0,0,1,2,5,1648.92,0,0,0,0,1,1,0,0,0
9,390.0,1,0,2,5,4340.7,1,0,1,0,0,0,0,1,0
6,340.0,1,0,1,4,2738.19,3,0,1,0,0,0,0,1,0
27,225.0,0,1,2,5,2020.2,2,0,0,1,0,0,1,0,0
22,450.0,1,0,1,0,4870.32,0,0,0,0,1,0,0,1,0
19,425.0,1,1,3,4,4504.5,0,1,0,0,0,0,0,0,1
20,230.0,0,1,4,0,3559.92,0,0,1,0,0,0,0,1,0
15,240.0,1,0,0,0,4681.95,3,0,0,0,1,0,0,1,0
4,570.0,1,1,0,5,5350.8,0,0,0,0,1,1,0,0,0
4,225.0,0,0,4,4,12012.0,3,0,1,0,0,0,0,1,0
22,250.0,1,1,0,2,2042.04,2,0,0,0,1,0,0,1,0
21,210.0,0,0,4,0,8348.34,1,1,0,0,0,0,1,0,0
4,190.0,0,1,0,0,1523.34,2,0,0,1,0,1,0,0,0
4,380.0,1,1,0,5,4201.47,0,1,0,0,0,0,0,0,1
28,445.0,1,0,3,4,6440.07,1,1,0,0,0,0,1,0,0
4,475.0,1,0,4,2,7589.4,1,1,0,0,0,0,0,0,1
19,515.0,1,0,1,0,10019.1,0,0,1,0,0,1,0,0,0
29,300.0,0,1,0,0,3972.15,2,0,1,0,0,1,0,0,0
20,310.0,0,1,2,5,2208.57,1,0,1,0,0,1,0,0,0
19,240.0,1,1,0,2,1635.27,2,0,0,1,0,0,0,0,1
23,570.0,1,0,4,0,3794.7,2,0,0,1,0,1,0,0,0
19,350.0,1,0,0,5,5061.42,1,0,0,1,0,0,1,0,0
15,190.0,0,0,0,0,10019.1,3,1,0,0,0,0,0,0,1
16,375.0,1,0,1,0,5137.86,2,0,0,1,0,1,0,0,0
6,415.0,1,1,4,2,1444.17,3,0,0,0,1,0,1,0,0
21,500.0,1,1,4,2,3049.41,1,1,0,0,0,0,0,0,1
16,565.0,1,0,4,2,4340.7,3,1,0,0,0,0,0,0,1
21,300.0,0,1,2,5,3680.04,3,0,1,0,0,1,0,0,0
19,250.0,1,0,0,2,4938.57,3,0,0,0,1,0,0,1,0
23,550.0,1,0,4,5,2983.89,0,1,0,0,0,0,0,1,0
0,570.0,1,1,4,5,1992.9,2,0,0,0,1,0,1,0,0
23,300.0,1,1,2,5,797.16,0,1,0,0,0,0,0,1,0
29,215.0,0,0,2,5,8506.68,2,0,0,1,0,0,1,0,0
23,390.0,1,0,4,2,4056.78,2,1,0,0,0,0,0,1,0
29,220.0,0,1,4,0,2380.56,2,0,0,1,0,0,1,0,0
19,400.0,1,1,3,4,4504.5,3,1,0,0,0,0,0,0,1
12,460.0,1,1,1,0,5776.68,2,0,1,0,0,1,0,0,0
4,375.0,1,0,4,2,5460.0,1,1,0,0,0,0,0,0,1
4,190.0,0,0,0,0,8959.86,1,0,0,1,0,1,0,0,0
6,515.0,1,0,0,5,5304.39,3,0,1,0,0,0,0,1,0
4,225.0,0,0,4,4,12012.0,3,0,1,0,0,0,0,1,0
20,230.0,0,1,4,0,1354.08,0,0,1,0,0,0,0,1,0
16,375.0,1,1,1,0,1392.3,0,0,0,1,0,1,0,0,0
29,220.0,0,0,4,0,15918.63,3,0,0,1,0,0,1,0,0
29,220.0,0,1,0,2,1288.56,1,0,1,0,0,0,0,1,0
29,230.0,0,1,5,5,2148.51,3,0,1,0,0,0,0,1,0
4,375.0,1,0,4,2,9609.6,0,1,0,0,0,0,0,0,1
19,415.0,1,1,2,3,2787.33,2,0,0,1,0,1,0,0,0
0,385.0,1,1,0,5,2730.0,0,0,1,0,0,0,0,0,1
7,215.0,0,1,0,0,4045.86,2,0,1,0,0,0,0,1,0
22,450.0,1,0,1,0,8198.19,0,0,0,0,1,0,0,1,0
16,340.0,1,0,4,0,4395.3,2,0,0,1,0,1,0,0,0
21,275.0,0,1,2,5,5787.6,3,1,0,0,0,0,1,0,0
16,395.0,1,1,0,5,1728.09,0,1,0,0,0,0,0,1,0
4,185.0,0,1,4,4,1261.26,2,1,0,0,0,0,0,1,0
16,360.0,1,1,0,2,3658.2,1,1,0,0,0,0,0,0,1
9,385.0,1,0,0,3,5211.57,1,0,0,1,0,0,1,0,0
23,410.0,1,1,4,0,2129.4,2,0,0,1,0,1,0,0,0
1,500.0,1,0,2,3,11045.58,2,0,0,1,0,0,1,0,0
4,185.0,0,0,4,4,8959.86,1,0,0,1,0,1,0,0,0
16,335.0,1,0,0,2,4395.3,3,0,0,1,0,1,0,0,0
4,220.0,0,0,1,4,7234.5,2,0,1,0,0,0,0,1,0
16,565.0,2,0,4,5,7398.3,3,0,0,0,1,1,0,0,0
15,210.0,1,0,4,0,5296.2,0,0,0,1,0,0,0,0,1
19,400.0,1,0,2,3,6060.6,0,0,0,0,1,1,0,0,0
19,330.0,1,1,4,2,3306.03,2,0,0,1,0,0,1,0,0
0,310.0,1,1,0,2,3084.9,2,0,1,0,0,0,0,0,1
16,370.0,1,0,0,5,4013.1,3,1,0,0,0,0,0,1,0
4,220.0,0,0,1,4,12012.0,1,0,1,0,0,0,0,1,0
28,370.0,1,0,4,2,6044.22,2,1,0,0,0,0,0,1,0
6,385.0,1,1,4,2,1698.06,1,0,0,1,0,0,1,0,0
4,475.0,1,0,4,2,6060.6,2,1,0,0,0,0,0,0,1
2,550.0,1,1,1,2,2511.6,3,1,0,0,0,0,1,0,0
10,510.0,1,0,4,2,6734.91,2,0,0,1,0,0,0,0,1
20,230.0,0,1,0,0,3559.92,0,0,1,0,0,0,0,1,0
16,505.0,2,1,1,0,2429.7,3,0,0,0,1,1,0,0,0
